ScatterplotName,DatasetName,TotalPoints,NumClasses,MarkerSize,M_Dist_10_0,M_Dist_10_0_time,LOF_Dist_10_0,LOF_Dist_10_0_time,IsolationForest_Dist_10_0,IsolationForest_Dist_10_0_time,Centroid_Dist_10_0,Centroid_Dist_10_0_time,AvgLinkage_Dist_10_0,AvgLinkage_Dist_10_0_time,M_Dist_10_5,M_Dist_10_5_time,LOF_Dist_10_5,LOF_Dist_10_5_time,IsolationForest_Dist_10_5,IsolationForest_Dist_10_5_time,Centroid_Dist_10_5,Centroid_Dist_10_5_time,AvgLinkage_Dist_10_5,AvgLinkage_Dist_10_5_time,M_Dist_10_10,M_Dist_10_10_time,LOF_Dist_10_10,LOF_Dist_10_10_time,IsolationForest_Dist_10_10,IsolationForest_Dist_10_10_time,Centroid_Dist_10_10,Centroid_Dist_10_10_time,AvgLinkage_Dist_10_10,AvgLinkage_Dist_10_10_time,VisibilityIndex,VisibilityIndex_time,MPix,MPix_time,GridOverlap,GridOverlap_time,KDEOverlap,KDEOverlap_time,NNDistance,NNDistance_time,PBBOverlap,PBBOverlap_time,CoveredVals,CoveredValsDiffClasses,CoveredPixels,CoveredPixelsDiffClasses,CoveredValuesDiffJSON
figure_category_based_markersize10_abalone_pca.png,abalone_pca,4154,28,10,0.23055461403163424,1.2957358360290527,0.2065255125666775,1.1100389957427979,0.16993341448272592,3.549051284790039,0.2356127794746361,1.238875150680542,0.2206488224649401,0.946575403213501,0.20733206960105166,1.1798813343048096,0.18258699323090333,1.0585119724273682,0.14670982222709783,4.795298099517822,0.2138224717861954,1.3494772911071777,0.19830026512949506,1.2011001110076904,0.18835960483168246,1.3839528560638428,0.16362150767622607,1.321340560913086,0.12907065319652256,4.6174726486206055,0.19572145558520515,1.1334285736083984,0.18006251767509296,1.4881024360656738,0.5729417428984112,0.6412317752838135,15207,0.6827397346496582,0.014203177660086663,0.6321392059326172,0.030834108634650734,1.365426778793335,2.301231534764068,0.0689849853515625,-,15,868,451,15207,13784,"[{""category"": 14, ""number"": 19}, {""category"": 7, ""number"": 60}, {""category"": 18, ""number"": 2}, {""category"": 9, ""number"": 65}, {""category"": 6, ""number"": 57}, {""category"": 8, ""number"": 65}, {""category"": 10, ""number"": 45}, {""category"": 11, ""number"": 32}, {""category"": 13, ""number"": 16}, {""category"": 3, ""number"": 5}, {""category"": 12, ""number"": 25}, {""category"": 5, ""number"": 24}, {""category"": 4, ""number"": 17}, {""category"": 17, ""number"": 5}, {""category"": 19, ""number"": 1}, {""category"": 16, ""number"": 3}, {""category"": 15, ""number"": 6}, {""category"": 2, ""number"": 2}, {""category"": 20, ""number"": 2}]"
figure_category_based_markersize60_abalone_pca.png,abalone_pca,4154,28,60,0.17482575830006652,1.8312950134277344,0.15617787060736543,1.6916978359222412,0.10808182207827532,5.290002346038818,0.18064549296085597,1.7023570537567139,0.16560659575806447,1.7026307582855225,0.1452545183293722,1.5792210102081299,0.1263922625332654,1.5628323554992676,0.08279708362529326,5.082473516464233,0.15109732193623338,1.8668339252471924,0.13637310610054354,1.7241265773773193,0.12423974680784933,1.675158977508545,0.10614812415669972,1.802931308746338,0.06709972593835867,5.314311504364014,0.1298566745005264,2.0423455238342285,0.11591190696767095,1.726280927658081,0.16201251805488687,0.7475764751434326,47047,0.6269321441650391,0.014203177660086663,0.707420825958252,0.030834108634650734,1.8183932304382324,2.301231534764068,0.12373232841491699,-,15,2471,879,47047,44776,"[{""category"": 14, ""number"": 51}, {""category"": 7, ""number"": 87}, {""category"": 18, ""number"": 12}, {""category"": 9, ""number"": 99}, {""category"": 11, ""number"": 92}, {""category"": 6, ""number"": 73}, {""category"": 10, ""number"": 90}, {""category"": 17, ""number"": 16}, {""category"": 15, ""number"": 15}, {""category"": 8, ""number"": 101}, {""category"": 13, ""number"": 48}, {""category"": 19, ""number"": 8}, {""category"": 12, ""number"": 73}, {""category"": 16, ""number"": 23}, {""category"": 4, ""number"": 32}, {""category"": 25, ""number"": 1}, {""category"": 20, ""number"": 5}, {""category"": 21, ""number"": 2}, {""category"": 3, ""number"": 2}, {""category"": 5, ""number"": 43}, {""category"": 2, ""number"": 2}, {""category"": 22, ""number"": 4}]"
figure_category_based_markersize110_abalone_pca.png,abalone_pca,4154,28,110,0.16779993037741836,1.495654821395874,0.15393006258428021,1.8568503856658936,0.09953757410784392,4.8369200229644775,0.17188732383480687,1.9710724353790283,0.159859125536588,1.749742031097412,0.136868952094655,1.8705205917358398,0.1222970858026563,2.143781900405884,0.07303437821776837,5.3415679931640625,0.14123081712971552,2.1435623168945312,0.12923934419185623,2.151128053665161,0.11556632426808267,2.2142319679260254,0.10144907162442851,2.088193655014038,0.05767708999549215,5.952970027923584,0.11985448845674596,1.8300790786743164,0.10846391805631916,2.2575314044952393,0.10616273471352913,1.0301306247711182,61570,1.226022481918335,0.014203177660086663,0.6217467784881592,0.030834108634650734,1.6307053565979004,2.301231534764068,0.07582902908325195,-,15,2992,1044,61570,58966,"[{""category"": 14, ""number"": 65}, {""category"": 15, ""number"": 31}, {""category"": 18, ""number"": 15}, {""category"": 9, ""number"": 117}, {""category"": 10, ""number"": 101}, {""category"": 8, ""number"": 130}, {""category"": 11, ""number"": 117}, {""category"": 17, ""number"": 21}, {""category"": 13, ""number"": 64}, {""category"": 6, ""number"": 77}, {""category"": 7, ""number"": 83}, {""category"": 19, ""number"": 15}, {""category"": 12, ""number"": 96}, {""category"": 16, ""number"": 29}, {""category"": 4, ""number"": 31}, {""category"": 21, ""number"": 3}, {""category"": 25, ""number"": 1}, {""category"": 20, ""number"": 5}, {""category"": 27, ""number"": 1}, {""category"": 3, ""number"": 4}, {""category"": 2, ""number"": 1}, {""category"": 22, ""number"": 4}, {""category"": 5, ""number"": 33}]"
figure_category_based_markersize160_abalone_pca.png,abalone_pca,4154,28,160,0.1628918851097827,2.0365731716156006,0.1521061984134997,1.7752478122711182,0.09433297976097088,4.931187152862549,0.165221363843575,2.0278401374816895,0.1552350860825108,1.9561645984649658,0.13220510124100326,2.338989019393921,0.12047586977783709,2.454972267150879,0.06795787224606009,6.038034915924072,0.13498396358109432,2.4068830013275146,0.12485368046345613,2.0374648571014404,0.11124747512683009,2.3113508224487305,0.09973589273059846,2.1616578102111816,0.053108857342215154,5.382680892944336,0.11410199313334102,2.2048566341400146,0.10441783301036334,1.948016881942749,0.08353394318728936,1.128190517425537,71678,0.8680839538574219,0.014203177660086663,0.7268595695495605,0.030834108634650734,1.3455636501312256,2.301231534764068,0.09503722190856934,-,15,3208,1094,71678,68853,"[{""category"": 14, ""number"": 64}, {""category"": 8, ""number"": 142}, {""category"": 15, ""number"": 32}, {""category"": 18, ""number"": 24}, {""category"": 9, ""number"": 121}, {""category"": 10, ""number"": 96}, {""category"": 11, ""number"": 124}, {""category"": 17, ""number"": 21}, {""category"": 13, ""number"": 70}, {""category"": 6, ""number"": 82}, {""category"": 7, ""number"": 87}, {""category"": 19, ""number"": 16}, {""category"": 12, ""number"": 99}, {""category"": 16, ""number"": 33}, {""category"": 4, ""number"": 30}, {""category"": 20, ""number"": 7}, {""category"": 21, ""number"": 3}, {""category"": 25, ""number"": 1}, {""category"": 27, ""number"": 1}, {""category"": 3, ""number"": 4}, {""category"": 2, ""number"": 1}, {""category"": 22, ""number"": 4}, {""category"": 5, ""number"": 32}]"
figure_ascending_markersize10_abalone_pca.png,abalone_pca,4154,28,10,0.23055461403163424,0.895359992980957,0.2065255125666775,1.38869047164917,0.16993341448272592,4.85436487197876,0.2356127794746361,1.143930435180664,0.2206488224649401,1.4667246341705322,0.20733206960105166,1.2804510593414307,0.18258699323090333,1.2176692485809326,0.14670982222709783,5.306368589401245,0.2138224717861954,1.6177008152008057,0.19830026512949506,1.2542016506195068,0.18835960483168246,1.342998743057251,0.16362150767622607,1.434614896774292,0.12907065319652256,4.702721118927002,0.19572145558520515,1.2444994449615479,0.18006251767509296,1.1599862575531006,0.5729417428984112,0.9919338226318359,15207,0.6061899662017822,0.014203177660086663,0.448225736618042,0.030834108634650734,1.3472785949707031,2.301231534764068,0.07383131980895996,-,15,868,451,15207,13784,"[{""category"": 14, ""number"": 19}, {""category"": 7, ""number"": 60}, {""category"": 18, ""number"": 2}, {""category"": 9, ""number"": 65}, {""category"": 6, ""number"": 57}, {""category"": 8, ""number"": 65}, {""category"": 10, ""number"": 45}, {""category"": 11, ""number"": 32}, {""category"": 13, ""number"": 16}, {""category"": 3, ""number"": 5}, {""category"": 12, ""number"": 25}, {""category"": 5, ""number"": 24}, {""category"": 4, ""number"": 17}, {""category"": 17, ""number"": 5}, {""category"": 19, ""number"": 1}, {""category"": 16, ""number"": 3}, {""category"": 15, ""number"": 6}, {""category"": 2, ""number"": 2}, {""category"": 20, ""number"": 2}]"
figure_ascending_markersize60_abalone_pca.png,abalone_pca,4154,28,60,0.17482575830006652,1.4856231212615967,0.15617787060736543,1.5677237510681152,0.10808182207827532,5.441002130508423,0.18064549296085597,1.720088005065918,0.16560659575806447,1.5655877590179443,0.1452545183293722,1.9502949714660645,0.1263922625332654,1.657280445098877,0.08279708362529326,5.62942099571228,0.15109732193623338,1.8266949653625488,0.13637310610054354,1.6821954250335693,0.12423974680784933,1.9122209548950195,0.10614812415669972,1.6170825958251953,0.06709972593835867,5.714960813522339,0.1298566745005264,1.8080763816833496,0.11591190696767095,2.950239419937134,0.16201251805488687,1.120121717453003,47047,0.7605063915252686,0.014203177660086663,0.5426499843597412,0.030834108634650734,1.3490912914276123,2.301231534764068,0.05123138427734375,-,15,2471,879,47047,44776,"[{""category"": 14, ""number"": 51}, {""category"": 7, ""number"": 87}, {""category"": 18, ""number"": 12}, {""category"": 9, ""number"": 99}, {""category"": 11, ""number"": 92}, {""category"": 6, ""number"": 73}, {""category"": 10, ""number"": 90}, {""category"": 17, ""number"": 16}, {""category"": 15, ""number"": 15}, {""category"": 8, ""number"": 101}, {""category"": 13, ""number"": 48}, {""category"": 19, ""number"": 8}, {""category"": 12, ""number"": 73}, {""category"": 16, ""number"": 23}, {""category"": 4, ""number"": 32}, {""category"": 25, ""number"": 1}, {""category"": 20, ""number"": 5}, {""category"": 21, ""number"": 2}, {""category"": 3, ""number"": 2}, {""category"": 5, ""number"": 43}, {""category"": 2, ""number"": 2}, {""category"": 22, ""number"": 4}]"
figure_ascending_markersize110_abalone_pca.png,abalone_pca,4154,28,110,0.16779993037741836,1.9848482608795166,0.15393006258428021,1.6118130683898926,0.09953757410784392,4.725813388824463,0.17188732383480687,1.6623132228851318,0.159859125536588,1.6189956665039062,0.136868952094655,1.8517515659332275,0.1222970858026563,1.9948482513427734,0.07303437821776837,5.498534917831421,0.14123081712971552,1.8350250720977783,0.12923934419185623,2.02555251121521,0.11556632426808267,1.9457166194915771,0.10144907162442851,1.9528236389160156,0.05767708999549215,5.440323829650879,0.11985448845674596,1.833907127380371,0.10846391805631916,1.8158373832702637,0.10616273471352913,0.9755089282989502,61570,0.7525227069854736,0.014203177660086663,0.7084321975708008,0.030834108634650734,1.3877277374267578,2.301231534764068,0.054225921630859375,-,15,2992,1044,61570,58966,"[{""category"": 14, ""number"": 65}, {""category"": 15, ""number"": 31}, {""category"": 18, ""number"": 15}, {""category"": 9, ""number"": 117}, {""category"": 10, ""number"": 101}, {""category"": 8, ""number"": 130}, {""category"": 11, ""number"": 117}, {""category"": 17, ""number"": 21}, {""category"": 13, ""number"": 64}, {""category"": 6, ""number"": 77}, {""category"": 7, ""number"": 83}, {""category"": 19, ""number"": 15}, {""category"": 12, ""number"": 96}, {""category"": 16, ""number"": 29}, {""category"": 4, ""number"": 31}, {""category"": 21, ""number"": 3}, {""category"": 25, ""number"": 1}, {""category"": 20, ""number"": 5}, {""category"": 27, ""number"": 1}, {""category"": 3, ""number"": 4}, {""category"": 2, ""number"": 1}, {""category"": 22, ""number"": 4}, {""category"": 5, ""number"": 33}]"
figure_ascending_markersize160_abalone_pca.png,abalone_pca,4154,28,160,0.1628918851097827,2.0240612030029297,0.1521061984134997,2.268296957015991,0.09433297976097088,5.72872257232666,0.165221363843575,2.4131393432617188,0.1552350860825108,2.3558614253997803,0.13220510124100326,2.5973799228668213,0.12047586977783709,2.5843327045440674,0.06795787224606009,6.08092474937439,0.13498396358109432,2.3629281520843506,0.12485368046345613,2.1688618659973145,0.11124747512683009,2.294887065887451,0.09973589273059846,1.9359052181243896,0.053108857342215154,5.653418779373169,0.11410199313334102,2.1001155376434326,0.10441783301036334,2.154304265975952,0.08353394318728936,1.0986907482147217,71678,1.0193212032318115,0.014203177660086663,0.46334028244018555,0.030834108634650734,1.3809657096862793,2.301231534764068,0.037236690521240234,-,15,3208,1094,71678,68853,"[{""category"": 14, ""number"": 64}, {""category"": 8, ""number"": 142}, {""category"": 15, ""number"": 32}, {""category"": 18, ""number"": 24}, {""category"": 9, ""number"": 121}, {""category"": 10, ""number"": 96}, {""category"": 11, ""number"": 124}, {""category"": 17, ""number"": 21}, {""category"": 13, ""number"": 70}, {""category"": 6, ""number"": 82}, {""category"": 7, ""number"": 87}, {""category"": 19, ""number"": 16}, {""category"": 12, ""number"": 99}, {""category"": 16, ""number"": 33}, {""category"": 4, ""number"": 30}, {""category"": 20, ""number"": 7}, {""category"": 21, ""number"": 3}, {""category"": 25, ""number"": 1}, {""category"": 27, ""number"": 1}, {""category"": 3, ""number"": 4}, {""category"": 2, ""number"": 1}, {""category"": 22, ""number"": 4}, {""category"": 5, ""number"": 32}]"
figure_descending_markersize10_abalone_pca.png,abalone_pca,4154,28,10,0.23055461403163424,1.1016316413879395,0.2065255125666775,1.1646783351898193,0.16993341448272592,5.234682083129883,0.2356127794746361,1.306992530822754,0.2206488224649401,1.3710949420928955,0.20733206960105166,1.6273984909057617,0.18258699323090333,1.7659449577331543,0.14670982222709783,6.182474613189697,0.2138224717861954,1.3592970371246338,0.19830026512949506,1.4317924976348877,0.18835960483168246,1.4459130764007568,0.16362150767622607,1.3741695880889893,0.12907065319652256,4.734490156173706,0.19572145558520515,1.047438383102417,0.18006251767509296,1.3916442394256592,0.5729417428984112,0.7022981643676758,15207,0.6953902244567871,0.014203177660086663,0.49576687812805176,0.030834108634650734,1.3107664585113525,2.301231534764068,0.03917288780212402,-,15,868,451,15207,13784,"[{""category"": 14, ""number"": 19}, {""category"": 7, ""number"": 60}, {""category"": 18, ""number"": 2}, {""category"": 9, ""number"": 65}, {""category"": 6, ""number"": 57}, {""category"": 8, ""number"": 65}, {""category"": 10, ""number"": 45}, {""category"": 11, ""number"": 32}, {""category"": 13, ""number"": 16}, {""category"": 3, ""number"": 5}, {""category"": 12, ""number"": 25}, {""category"": 5, ""number"": 24}, {""category"": 4, ""number"": 17}, {""category"": 17, ""number"": 5}, {""category"": 19, ""number"": 1}, {""category"": 16, ""number"": 3}, {""category"": 15, ""number"": 6}, {""category"": 2, ""number"": 2}, {""category"": 20, ""number"": 2}]"
figure_descending_markersize60_abalone_pca.png,abalone_pca,4154,28,60,0.17482575830006652,1.7268719673156738,0.15617787060736543,1.3636431694030762,0.10808182207827532,4.306577682495117,0.18064549296085597,1.3511183261871338,0.16560659575806447,1.2639286518096924,0.1452545183293722,1.242612361907959,0.1263922625332654,1.7032217979431152,0.08279708362529326,5.049572706222534,0.15109732193623338,1.6219818592071533,0.13637310610054354,1.5775227546691895,0.12423974680784933,1.6058311462402344,0.10614812415669972,1.7751877307891846,0.06709972593835867,4.7785255908966064,0.1298566745005264,1.5285651683807373,0.11591190696767095,1.6461007595062256,0.16201251805488687,0.8665060997009277,47047,0.8362691402435303,0.014203177660086663,0.513782262802124,0.030834108634650734,1.5233042240142822,2.301231534764068,0.03514504432678223,-,15,2471,879,47047,44776,"[{""category"": 14, ""number"": 51}, {""category"": 7, ""number"": 87}, {""category"": 18, ""number"": 12}, {""category"": 9, ""number"": 99}, {""category"": 11, ""number"": 92}, {""category"": 6, ""number"": 73}, {""category"": 10, ""number"": 90}, {""category"": 17, ""number"": 16}, {""category"": 15, ""number"": 15}, {""category"": 8, ""number"": 101}, {""category"": 13, ""number"": 48}, {""category"": 19, ""number"": 8}, {""category"": 12, ""number"": 73}, {""category"": 16, ""number"": 23}, {""category"": 4, ""number"": 32}, {""category"": 25, ""number"": 1}, {""category"": 20, ""number"": 5}, {""category"": 21, ""number"": 2}, {""category"": 3, ""number"": 2}, {""category"": 5, ""number"": 43}, {""category"": 2, ""number"": 2}, {""category"": 22, ""number"": 4}]"
figure_descending_markersize110_abalone_pca.png,abalone_pca,4154,28,110,0.16779993037741836,1.7971014976501465,0.15393006258428021,1.9324510097503662,0.09953757410784392,5.336778402328491,0.17188732383480687,1.9897801876068115,0.159859125536588,1.558178424835205,0.136868952094655,2.1244592666625977,0.1222970858026563,2.1782443523406982,0.07303437821776837,5.478372097015381,0.14123081712971552,2.0429465770721436,0.12923934419185623,2.091721296310425,0.11556632426808267,2.2635371685028076,0.10144907162442851,2.053635835647583,0.05767708999549215,5.322957277297974,0.11985448845674596,1.8608622550964355,0.10846391805631916,1.7585420608520508,0.10616273471352913,1.060450792312622,61570,0.8478660583496094,0.014203177660086663,0.5152218341827393,0.030834108634650734,1.5935986042022705,2.301231534764068,0.07103276252746582,-,15,2992,1044,61570,58966,"[{""category"": 14, ""number"": 65}, {""category"": 15, ""number"": 31}, {""category"": 18, ""number"": 15}, {""category"": 9, ""number"": 117}, {""category"": 10, ""number"": 101}, {""category"": 8, ""number"": 130}, {""category"": 11, ""number"": 117}, {""category"": 17, ""number"": 21}, {""category"": 13, ""number"": 64}, {""category"": 6, ""number"": 77}, {""category"": 7, ""number"": 83}, {""category"": 19, ""number"": 15}, {""category"": 12, ""number"": 96}, {""category"": 16, ""number"": 29}, {""category"": 4, ""number"": 31}, {""category"": 21, ""number"": 3}, {""category"": 25, ""number"": 1}, {""category"": 20, ""number"": 5}, {""category"": 27, ""number"": 1}, {""category"": 3, ""number"": 4}, {""category"": 2, ""number"": 1}, {""category"": 22, ""number"": 4}, {""category"": 5, ""number"": 33}]"
figure_descending_markersize160_abalone_pca.png,abalone_pca,4154,28,160,0.1628918851097827,1.7851834297180176,0.1521061984134997,2.1301052570343018,0.09433297976097088,5.919841766357422,0.165221363843575,2.13676381111145,0.1552350860825108,2.225700855255127,0.13220510124100326,2.5370938777923584,0.12047586977783709,2.8613874912261963,0.06795787224606009,5.81463623046875,0.13498396358109432,2.431626081466675,0.12485368046345613,2.7258622646331787,0.11124747512683009,2.5208377838134766,0.09973589273059846,2.6304290294647217,0.053108857342215154,5.964032888412476,0.11410199313334102,2.2361347675323486,0.10441783301036334,2.2156131267547607,0.08353394318728936,1.076909065246582,71678,0.8039557933807373,0.014203177660086663,0.4929533004760742,0.030834108634650734,1.3013229370117188,2.301231534764068,0.06612920761108398,-,15,3208,1094,71678,68853,"[{""category"": 14, ""number"": 64}, {""category"": 8, ""number"": 142}, {""category"": 15, ""number"": 32}, {""category"": 18, ""number"": 24}, {""category"": 9, ""number"": 121}, {""category"": 10, ""number"": 96}, {""category"": 11, ""number"": 124}, {""category"": 17, ""number"": 21}, {""category"": 13, ""number"": 70}, {""category"": 6, ""number"": 82}, {""category"": 7, ""number"": 87}, {""category"": 19, ""number"": 16}, {""category"": 12, ""number"": 99}, {""category"": 16, ""number"": 33}, {""category"": 4, ""number"": 30}, {""category"": 20, ""number"": 7}, {""category"": 21, ""number"": 3}, {""category"": 25, ""number"": 1}, {""category"": 27, ""number"": 1}, {""category"": 3, ""number"": 4}, {""category"": 2, ""number"": 1}, {""category"": 22, ""number"": 4}, {""category"": 5, ""number"": 32}]"
figure_category_based_markersize10_abalone_tsne.png,abalone_tsne,4154,28,10,0.23798556897207934,1.608393669128418,0.24454392783326218,1.1964082717895508,0.26519040928655,3.8140649795532227,0.2431708202328272,1.0866472721099854,0.24650680236926736,1.044818639755249,0.21765742391958987,1.0317304134368896,0.2222849750663325,1.0121114253997803,0.23413800327059375,5.090652227401733,0.22149696738547153,1.0412087440490723,0.22396029398964257,1.4191133975982666,0.20052874880492666,1.2641115188598633,0.2037400824862019,1.2946794033050537,0.20959547273226065,4.838064432144165,0.20337052133913314,1.2451081275939941,0.2051925537559871,1.1946702003479004,0.8750601829561868,1.4189960956573486,16265,0.6215324401855469,0.0021665864227250844,0.5111098289489746,0.030542028993160993,0.9673092365264893,2.185091456888738,0.06702566146850586,-,15,218,145,16265,13729,"[{""category"": 18, ""number"": 8}, {""category"": 9, ""number"": 16}, {""category"": 11, ""number"": 10}, {""category"": 14, ""number"": 8}, {""category"": 10, ""number"": 13}, {""category"": 7, ""number"": 17}, {""category"": 8, ""number"": 21}, {""category"": 6, ""number"": 11}, {""category"": 15, ""number"": 3}, {""category"": 12, ""number"": 8}, {""category"": 4, ""number"": 5}, {""category"": 5, ""number"": 7}, {""category"": 13, ""number"": 8}, {""category"": 20, ""number"": 1}, {""category"": 19, ""number"": 1}, {""category"": 16, ""number"": 3}, {""category"": 17, ""number"": 2}, {""category"": 3, ""number"": 2}, {""category"": 2, ""number"": 1}]"
figure_category_based_markersize60_abalone_tsne.png,abalone_tsne,4154,28,60,0.10587469082868717,1.5400338172912598,0.10917748324460452,1.5507278442382812,0.11642094798831726,5.445218801498413,0.10749710168165649,1.3422963619232178,0.1090920488431214,1.718876838684082,0.08928266891617709,1.6202764511108398,0.09129416143400071,1.482609748840332,0.09330970535823313,5.095098257064819,0.09006848414766211,1.8814985752105713,0.09105090929161685,1.5141596794128418,0.07718648403535189,1.793816089630127,0.07844485776679688,1.6309418678283691,0.07785446717471567,5.398592233657837,0.07750286377795523,1.8187029361724854,0.07813011196430963,1.7069056034088135,0.3623013962445835,1.0400352478027344,91429,0.6077923774719238,0.0021665864227250844,0.44940972328186035,0.030542028993160993,0.8402378559112549,2.185091456888738,0.08276486396789551,-,15,1185,495,91429,86926,"[{""category"": 8, ""number"": 69}, {""category"": 7, ""number"": 52}, {""category"": 19, ""number"": 9}, {""category"": 18, ""number"": 12}, {""category"": 9, ""number"": 57}, {""category"": 11, ""number"": 38}, {""category"": 10, ""number"": 48}, {""category"": 14, ""number"": 18}, {""category"": 15, ""number"": 11}, {""category"": 6, ""number"": 43}, {""category"": 13, ""number"": 31}, {""category"": 4, ""number"": 13}, {""category"": 12, ""number"": 31}, {""category"": 16, ""number"": 13}, {""category"": 21, ""number"": 2}, {""category"": 25, ""number"": 1}, {""category"": 2, ""number"": 4}, {""category"": 22, ""number"": 4}, {""category"": 17, ""number"": 7}, {""category"": 20, ""number"": 2}, {""category"": 3, ""number"": 4}, {""category"": 5, ""number"": 26}]"
figure_category_based_markersize110_abalone_tsne.png,abalone_tsne,4154,28,110,0.09544979611459292,1.5953586101531982,0.09868577185979588,1.9065535068511963,0.10505714133949873,5.232653856277466,0.09649787756235484,1.5737669467926025,0.09808020917337523,1.7866735458374023,0.07691118042405165,1.9544429779052734,0.07862558844664991,2.032468557357788,0.0796903859317114,5.692321300506592,0.07710972159084617,1.9826233386993408,0.07791142145828245,2.1804559230804443,0.06440265614857132,2.1421282291412354,0.06534308361033214,2.217710018157959,0.064191028998685,5.776425123214722,0.06420898399949804,1.9897043704986572,0.06462269207095828,2.401553153991699,0.1745305729417429,1.0016553401947021,116439,0.9283750057220459,0.0021665864227250844,0.9461133480072021,0.030542028993160993,0.7540290355682373,2.185091456888738,0.06463742256164551,-,15,1930,702,116439,113699,"[{""category"": 19, ""number"": 15}, {""category"": 18, ""number"": 16}, {""category"": 9, ""number"": 96}, {""category"": 10, ""number"": 73}, {""category"": 11, ""number"": 56}, {""category"": 14, ""number"": 36}, {""category"": 15, ""number"": 16}, {""category"": 6, ""number"": 57}, {""category"": 7, ""number"": 55}, {""category"": 8, ""number"": 83}, {""category"": 12, ""number"": 54}, {""category"": 13, ""number"": 43}, {""category"": 4, ""number"": 15}, {""category"": 16, ""number"": 22}, {""category"": 21, ""number"": 3}, {""category"": 25, ""number"": 1}, {""category"": 20, ""number"": 4}, {""category"": 22, ""number"": 4}, {""category"": 17, ""number"": 14}, {""category"": 27, ""number"": 1}, {""category"": 3, ""number"": 6}, {""category"": 2, ""number"": 3}, {""category"": 5, ""number"": 29}]"
figure_category_based_markersize160_abalone_tsne.png,abalone_tsne,4154,28,160,0.09261423908431288,2.36509108543396,0.09632569456767204,1.651409387588501,0.10334934765823556,4.756787300109863,0.09367707233451894,2.079343557357788,0.09549519214448021,2.080597162246704,0.0725257972131047,2.4938390254974365,0.07439899146185469,2.289811134338379,0.07562699245736715,6.02170467376709,0.0726485198778003,2.5061211585998535,0.07349779549811486,2.04587721824646,0.05959859575590465,2.3664681911468506,0.0606037143321716,2.359990358352661,0.0596314854032618,5.4735283851623535,0.059330138900988705,2.1337783336639404,0.05973726662694112,2.127760171890259,0.12084737602311026,0.9553830623626709,127673,0.8686172962188721,0.0021665864227250844,0.663663387298584,0.030542028993160993,0.6732559204101562,2.185091456888738,0.03810381889343262,-,15,2365,836,127673,125651,"[{""category"": 19, ""number"": 17}, {""category"": 15, ""number"": 24}, {""category"": 18, ""number"": 19}, {""category"": 9, ""number"": 114}, {""category"": 10, ""number"": 72}, {""category"": 14, ""number"": 44}, {""category"": 8, ""number"": 107}, {""category"": 6, ""number"": 60}, {""category"": 7, ""number"": 68}, {""category"": 11, ""number"": 79}, {""category"": 12, ""number"": 60}, {""category"": 13, ""number"": 51}, {""category"": 4, ""number"": 24}, {""category"": 16, ""number"": 25}, {""category"": 21, ""number"": 4}, {""category"": 25, ""number"": 1}, {""category"": 20, ""number"": 5}, {""category"": 22, ""number"": 5}, {""category"": 17, ""number"": 17}, {""category"": 5, ""number"": 29}, {""category"": 27, ""number"": 1}, {""category"": 3, ""number"": 7}, {""category"": 2, ""number"": 3}]"
figure_ascending_markersize10_abalone_tsne.png,abalone_tsne,4154,28,10,0.23798556897207934,0.9937233924865723,0.24454392783326218,1.252931833267212,0.26519040928655,5.027951002120972,0.2431708202328272,1.3479478359222412,0.24650680236926736,1.2253575325012207,0.21765742391958987,1.3925259113311768,0.2222849750663325,1.3586740493774414,0.23413800327059375,5.491427898406982,0.22149696738547153,1.4192783832550049,0.22396029398964257,1.3837966918945312,0.20052874880492666,1.3608715534210205,0.2037400824862019,1.3940141201019287,0.20959547273226065,4.954593658447266,0.20337052133913314,1.0848841667175293,0.2051925537559871,1.4374332427978516,0.8750601829561868,1.3541903495788574,16265,0.6640563011169434,0.0021665864227250844,0.4046468734741211,0.030542028993160993,0.691889762878418,2.185091456888738,0.050241708755493164,-,15,218,145,16265,13729,"[{""category"": 18, ""number"": 8}, {""category"": 9, ""number"": 16}, {""category"": 11, ""number"": 10}, {""category"": 14, ""number"": 8}, {""category"": 10, ""number"": 13}, {""category"": 7, ""number"": 17}, {""category"": 8, ""number"": 21}, {""category"": 6, ""number"": 11}, {""category"": 15, ""number"": 3}, {""category"": 12, ""number"": 8}, {""category"": 4, ""number"": 5}, {""category"": 5, ""number"": 7}, {""category"": 13, ""number"": 8}, {""category"": 20, ""number"": 1}, {""category"": 19, ""number"": 1}, {""category"": 16, ""number"": 3}, {""category"": 17, ""number"": 2}, {""category"": 3, ""number"": 2}, {""category"": 2, ""number"": 1}]"
figure_ascending_markersize60_abalone_tsne.png,abalone_tsne,4154,28,60,0.10587469082868717,1.7107281684875488,0.10917748324460452,1.596008062362671,0.11642094798831726,5.230999231338501,0.10749710168165649,1.893237829208374,0.1090920488431214,1.4536941051483154,0.08928266891617709,2.02193021774292,0.09129416143400071,1.5304641723632812,0.09330970535823313,5.285085439682007,0.09006848414766211,1.7988932132720947,0.09105090929161685,1.7549970149993896,0.07718648403535189,1.7301383018493652,0.07844485776679688,1.6657295227050781,0.07785446717471567,5.559160470962524,0.07750286377795523,1.7443006038665771,0.07813011196430963,2.186434745788574,0.3623013962445835,1.1661605834960938,91429,0.8190183639526367,0.0021665864227250844,0.5551662445068359,0.030542028993160993,0.6215267181396484,2.185091456888738,0.10259771347045898,-,15,1185,495,91429,86926,"[{""category"": 8, ""number"": 69}, {""category"": 7, ""number"": 52}, {""category"": 19, ""number"": 9}, {""category"": 18, ""number"": 12}, {""category"": 9, ""number"": 57}, {""category"": 11, ""number"": 38}, {""category"": 10, ""number"": 48}, {""category"": 14, ""number"": 18}, {""category"": 15, ""number"": 11}, {""category"": 6, ""number"": 43}, {""category"": 13, ""number"": 31}, {""category"": 4, ""number"": 13}, {""category"": 12, ""number"": 31}, {""category"": 16, ""number"": 13}, {""category"": 21, ""number"": 2}, {""category"": 25, ""number"": 1}, {""category"": 2, ""number"": 4}, {""category"": 22, ""number"": 4}, {""category"": 17, ""number"": 7}, {""category"": 20, ""number"": 2}, {""category"": 3, ""number"": 4}, {""category"": 5, ""number"": 26}]"
figure_ascending_markersize110_abalone_tsne.png,abalone_tsne,4154,28,110,0.09544979611459292,2.100196123123169,0.09868577185979588,1.5192527770996094,0.10505714133949873,4.5742692947387695,0.09649787756235484,1.6533012390136719,0.09808020917337523,1.666247844696045,0.07691118042405165,1.794086217880249,0.07862558844664991,2.15014910697937,0.0796903859317114,5.632607698440552,0.07710972159084617,1.9207403659820557,0.07791142145828245,2.0811524391174316,0.06440265614857132,1.9334888458251953,0.06534308361033214,2.036458730697632,0.064191028998685,5.554325342178345,0.06420898399949804,2.104860305786133,0.06462269207095828,1.7307212352752686,0.1745305729417429,0.789853572845459,116439,0.906280517578125,0.0021665864227250844,0.6298794746398926,0.030542028993160993,0.7358484268188477,2.185091456888738,0.051666975021362305,-,15,1930,702,116439,113699,"[{""category"": 19, ""number"": 15}, {""category"": 18, ""number"": 16}, {""category"": 9, ""number"": 96}, {""category"": 10, ""number"": 73}, {""category"": 11, ""number"": 56}, {""category"": 14, ""number"": 36}, {""category"": 15, ""number"": 16}, {""category"": 6, ""number"": 57}, {""category"": 7, ""number"": 55}, {""category"": 8, ""number"": 83}, {""category"": 12, ""number"": 54}, {""category"": 13, ""number"": 43}, {""category"": 4, ""number"": 15}, {""category"": 16, ""number"": 22}, {""category"": 21, ""number"": 3}, {""category"": 25, ""number"": 1}, {""category"": 20, ""number"": 4}, {""category"": 22, ""number"": 4}, {""category"": 17, ""number"": 14}, {""category"": 27, ""number"": 1}, {""category"": 3, ""number"": 6}, {""category"": 2, ""number"": 3}, {""category"": 5, ""number"": 29}]"
figure_ascending_markersize160_abalone_tsne.png,abalone_tsne,4154,28,160,0.09261423908431288,2.259049892425537,0.09632569456767204,2.1823770999908447,0.10334934765823556,5.847872972488403,0.09367707233451894,2.5429227352142334,0.09549519214448021,2.1909940242767334,0.0725257972131047,2.26037335395813,0.07439899146185469,2.5876684188842773,0.07562699245736715,6.316270351409912,0.0726485198778003,2.173189163208008,0.07349779549811486,2.448416233062744,0.05959859575590465,2.2087607383728027,0.0606037143321716,2.6878771781921387,0.0596314854032618,5.48539662361145,0.059330138900988705,2.0862157344818115,0.05973726662694112,2.0505053997039795,0.12084737602311026,1.0142550468444824,127673,1.0637140274047852,0.0021665864227250844,0.8280138969421387,0.030542028993160993,0.6352381706237793,2.185091456888738,0.06262397766113281,-,15,2365,836,127673,125651,"[{""category"": 19, ""number"": 17}, {""category"": 15, ""number"": 24}, {""category"": 18, ""number"": 19}, {""category"": 9, ""number"": 114}, {""category"": 10, ""number"": 72}, {""category"": 14, ""number"": 44}, {""category"": 8, ""number"": 107}, {""category"": 6, ""number"": 60}, {""category"": 7, ""number"": 68}, {""category"": 11, ""number"": 79}, {""category"": 12, ""number"": 60}, {""category"": 13, ""number"": 51}, {""category"": 4, ""number"": 24}, {""category"": 16, ""number"": 25}, {""category"": 21, ""number"": 4}, {""category"": 25, ""number"": 1}, {""category"": 20, ""number"": 5}, {""category"": 22, ""number"": 5}, {""category"": 17, ""number"": 17}, {""category"": 5, ""number"": 29}, {""category"": 27, ""number"": 1}, {""category"": 3, ""number"": 7}, {""category"": 2, ""number"": 3}]"
figure_descending_markersize10_abalone_tsne.png,abalone_tsne,4154,28,10,0.23798556897207934,0.9747281074523926,0.24454392783326218,1.1757442951202393,0.26519040928655,5.178237676620483,0.2431708202328272,1.4609580039978027,0.24650680236926736,1.1637468338012695,0.21765742391958987,1.5483744144439697,0.2222849750663325,1.228031873703003,0.23413800327059375,5.180942058563232,0.22149696738547153,1.8045692443847656,0.22396029398964257,1.1489331722259521,0.20052874880492666,1.410790205001831,0.2037400824862019,1.5976390838623047,0.20959547273226065,5.055996656417847,0.20337052133913314,1.0752933025360107,0.2051925537559871,1.320289134979248,0.8750601829561868,1.2916390895843506,16265,0.694577693939209,0.0021665864227250844,0.5090858936309814,0.030542028993160993,0.6180245876312256,2.185091456888738,0.0633234977722168,-,15,218,145,16265,13729,"[{""category"": 18, ""number"": 8}, {""category"": 9, ""number"": 16}, {""category"": 11, ""number"": 10}, {""category"": 14, ""number"": 8}, {""category"": 10, ""number"": 13}, {""category"": 7, ""number"": 17}, {""category"": 8, ""number"": 21}, {""category"": 6, ""number"": 11}, {""category"": 15, ""number"": 3}, {""category"": 12, ""number"": 8}, {""category"": 4, ""number"": 5}, {""category"": 5, ""number"": 7}, {""category"": 13, ""number"": 8}, {""category"": 20, ""number"": 1}, {""category"": 19, ""number"": 1}, {""category"": 16, ""number"": 3}, {""category"": 17, ""number"": 2}, {""category"": 3, ""number"": 2}, {""category"": 2, ""number"": 1}]"
figure_descending_markersize60_abalone_tsne.png,abalone_tsne,4154,28,60,0.10587469082868717,1.6482713222503662,0.10917748324460452,1.4606420993804932,0.11642094798831726,4.253283500671387,0.10749710168165649,1.2608177661895752,0.1090920488431214,1.3050634860992432,0.08928266891617709,1.2516725063323975,0.09129416143400071,1.5242550373077393,0.09330970535823313,5.16199254989624,0.09006848414766211,1.7096734046936035,0.09105090929161685,1.5193781852722168,0.07718648403535189,1.6982100009918213,0.07844485776679688,1.7198336124420166,0.07785446717471567,4.91010046005249,0.07750286377795523,1.4907381534576416,0.07813011196430963,1.470090627670288,0.3623013962445835,0.8915910720825195,91429,0.8382110595703125,0.0021665864227250844,0.6017677783966064,0.030542028993160993,0.7336850166320801,2.185091456888738,0.04373931884765625,-,15,1185,495,91429,86926,"[{""category"": 8, ""number"": 69}, {""category"": 7, ""number"": 52}, {""category"": 19, ""number"": 9}, {""category"": 18, ""number"": 12}, {""category"": 9, ""number"": 57}, {""category"": 11, ""number"": 38}, {""category"": 10, ""number"": 48}, {""category"": 14, ""number"": 18}, {""category"": 15, ""number"": 11}, {""category"": 6, ""number"": 43}, {""category"": 13, ""number"": 31}, {""category"": 4, ""number"": 13}, {""category"": 12, ""number"": 31}, {""category"": 16, ""number"": 13}, {""category"": 21, ""number"": 2}, {""category"": 25, ""number"": 1}, {""category"": 2, ""number"": 4}, {""category"": 22, ""number"": 4}, {""category"": 17, ""number"": 7}, {""category"": 20, ""number"": 2}, {""category"": 3, ""number"": 4}, {""category"": 5, ""number"": 26}]"
figure_descending_markersize110_abalone_tsne.png,abalone_tsne,4154,28,110,0.09544979611459292,1.852872371673584,0.09868577185979588,2.009997606277466,0.10505714133949873,5.292751312255859,0.09649787756235484,2.045215606689453,0.09808020917337523,1.7287101745605469,0.07691118042405165,2.053582191467285,0.07862558844664991,2.2751829624176025,0.0796903859317114,5.668193817138672,0.07710972159084617,2.0754215717315674,0.07791142145828245,2.2185933589935303,0.06440265614857132,2.476583242416382,0.06534308361033214,2.1409924030303955,0.064191028998685,5.722916603088379,0.06420898399949804,2.0589404106140137,0.06462269207095828,1.7895288467407227,0.1745305729417429,1.1298584938049316,116439,0.7614481449127197,0.0021665864227250844,0.6932437419891357,0.030542028993160993,0.8295266628265381,2.185091456888738,0.06494450569152832,-,15,1930,702,116439,113699,"[{""category"": 19, ""number"": 15}, {""category"": 18, ""number"": 16}, {""category"": 9, ""number"": 96}, {""category"": 10, ""number"": 73}, {""category"": 11, ""number"": 56}, {""category"": 14, ""number"": 36}, {""category"": 15, ""number"": 16}, {""category"": 6, ""number"": 57}, {""category"": 7, ""number"": 55}, {""category"": 8, ""number"": 83}, {""category"": 12, ""number"": 54}, {""category"": 13, ""number"": 43}, {""category"": 4, ""number"": 15}, {""category"": 16, ""number"": 22}, {""category"": 21, ""number"": 3}, {""category"": 25, ""number"": 1}, {""category"": 20, ""number"": 4}, {""category"": 22, ""number"": 4}, {""category"": 17, ""number"": 14}, {""category"": 27, ""number"": 1}, {""category"": 3, ""number"": 6}, {""category"": 2, ""number"": 3}, {""category"": 5, ""number"": 29}]"
figure_descending_markersize160_abalone_tsne.png,abalone_tsne,4154,28,160,0.09261423908431288,1.9300618171691895,0.09632569456767204,2.1022210121154785,0.10334934765823556,6.019965648651123,0.09367707233451894,2.2128400802612305,0.09549519214448021,2.34487247467041,0.0725257972131047,2.7716004848480225,0.07439899146185469,2.43491792678833,0.07562699245736715,6.189122200012207,0.0726485198778003,2.3962864875793457,0.07349779549811486,2.825930595397949,0.05959859575590465,2.4550094604492188,0.0606037143321716,2.254681348800659,0.0596314854032618,6.073890447616577,0.059330138900988705,2.2074408531188965,0.05973726662694112,2.1486737728118896,0.12084737602311026,1.0404882431030273,127673,0.8039400577545166,0.0021665864227250844,0.5662558078765869,0.030542028993160993,0.6156375408172607,2.185091456888738,0.046689748764038086,-,15,2365,836,127673,125651,"[{""category"": 19, ""number"": 17}, {""category"": 15, ""number"": 24}, {""category"": 18, ""number"": 19}, {""category"": 9, ""number"": 114}, {""category"": 10, ""number"": 72}, {""category"": 14, ""number"": 44}, {""category"": 8, ""number"": 107}, {""category"": 6, ""number"": 60}, {""category"": 7, ""number"": 68}, {""category"": 11, ""number"": 79}, {""category"": 12, ""number"": 60}, {""category"": 13, ""number"": 51}, {""category"": 4, ""number"": 24}, {""category"": 16, ""number"": 25}, {""category"": 21, ""number"": 4}, {""category"": 25, ""number"": 1}, {""category"": 20, ""number"": 5}, {""category"": 22, ""number"": 5}, {""category"": 17, ""number"": 17}, {""category"": 5, ""number"": 29}, {""category"": 27, ""number"": 1}, {""category"": 3, ""number"": 7}, {""category"": 2, ""number"": 3}]"
