"year","d2","d3","d4","class"
2003,3097.9,52,9861.9,0
2001,3408,46,8218.8,0
2003,5385.6,87,16511.9,0
2001,267.2,14,1755.6,0
2003,2037.3,56,9297.9,0
2002,230.8,2,498,0
2001,664.1,6,1368.6,0
2003,4582.2,66,13837.2,0
2002,1022.3,11,2543.7,0
2001,1162.5,15,2835.9,0
2003,2915.7,39,8120.8,0
2001,2291.8,27,5161.2,0
2003,4824.8,72,14177,0
2001,181.2,12,1473.1,0
2003,2613.6,54,9701.8,0
2001,153.6,2,422.5,0
2003,4092.1,61,12677.1,0
2002,555.4,7,1656.2,0
2001,3305.4,39,7335.4,0
2003,6653.8,88,18343.2,0
2001,3917.2,44,8632.3,0
2003,7383.8,115,22365,0
2001,1154.8,12,2462.4,0
2003,4091.9,70,13615.3,0
2002,2116.5,20,4890.4,0
2001,1165.8,10,2281,0
2003,6944.3,79,18406.1,0
2002,3481.4,36,8464,0
2001,472.8,6,1139.6,0
2003,1127.7,19,3660.8,0
2001,1903.6,25,4504.8,0
2003,4355.7,63,12522.8,0
2001,150.7,9,1087,0
2003,1741.2,38,6724,0
2002,1328.2,12,2988,0
2001,722.7,6,1368.6,0
2003,2715.1,39,8282.1,0
2002,1805.8,17,4183,0
2001,2621.8,37,6471.4,0
2003,4869.1,72,14120.2,0
2002,-16.6,1,79,0
2001,465.7,10,1546.9,0
2003,4498.2,71,13754.6,0
2001,877.1,18,2781.6,0
2003,1305.2,34,5719.9,0
2002,2550.3,26,6044.8,0
2001,823.4,7,1550.9,0
2003,3848.3,51,10994.6,0
2002,2303.8,25,5695.6,0
2001,5759,71,13332.1,0
2003,9749.6,144,28733,0
2002,19.3,1,129,0
2001,5480.6,85,14530.6,0
2003,11474.2,175,34107.5,0
2001,1936.5,29,5011.8,0
2003,4863.2,129,21888.9,0
2002,2790,25,6225,0
2001,2888.5,24,5405.8,0
2003,8751.7,115,25063.5,0
2002,5150.6,51,12231.6,0
2001,2790.2,30,5954.2,0
2003,6571.7,82,17585.2,0
2002,175.6,3,527.2,0
2001,3749.2,50,9121.3,0
2003,5895.4,94,18052.8,0
2001,1510.1,37,5499.1,0
2003,4200.4,87,15652.8,0
2002,2817.5,26,6454,0
2001,985.6,9,1970.8,0
2003,4938.2,74,15387.7,0
2002,4124.4,43,10118.4,0
2001,1378.9,15,2882.1,0
2003,2383.7,36,7170.7,0
2001,3122.3,43,7777.3,0
2003,4932,77,14927.8,0
2001,176.7,6,809.6,0
2003,1778,35,6431,0
2002,647.3,6,1494,0
2001,375.6,3,684.3,0
2003,2601.7,39,8058.9,0
2002,678.4,7,1645.8,0
2001,6240.4,74,14041.2,0
2003,10640.9,145,29542,0
2002,56,1,169,0
2001,5090.1,78,13483.5,0
2003,8991.6,153,28519.1,0
2001,3205.9,54,9066.4,0
2003,8403.2,169,30941.3,0
2002,3422.2,33,8037.8,0
2001,3220.2,30,6637.6,0
2003,8651.9,130,26641.7,0
2002,7717.3,84,19302.1,0
2001,3466.1,42,7951.5,0
2003,6976.8,97,19755.7,0
2002,55.3,1,169,0
2001,3653.5,60,10127.2,0
2003,7223.4,124,23197.4,0
2001,2585.4,39,6725.2,0
2003,4223.1,113,18914.8,0
2002,1991,18,4482,0
2001,1902.7,16,3649.5,0
2003,6139.7,75,16772.3,0
2002,4807.3,48,11352,0
2001,2703.4,28,5731.3,0
2003,5662.1,70,15009.5,0
2002,89.4,3,407,0
2001,3807.8,47,8817.4,0
2003,6560.3,95,18966.4,0
2001,593.7,19,2639.1,0
2003,3135.4,76,13321.5,0
2002,1474.6,14,3396.4,0
2001,918.4,8,1824.8,0
2003,6826.6,82,18624.6,0
2002,1591,16,3851.1,0
2001,7595.3,147,18634,0
2003,5406.2,82,13965,0
2002,8304.4,216,27055,0
2001,4953.5,67,10351.8,0
2003,7738.4,103,18795.5,0
2002,3019.3,47,7651,0
2001,1126.2,46,4622.5,0
2003,2160.5,58,8329.8,0
2002,1502,83,8304.3,0
2001,451.6,9,1137,0
2003,7043.7,84,16891.3,0
2002,1639.1,30,4562.8,0
2001,945.3,17,2312.5,0
2003,3522,50,8714.8,0
2001,1817,25,3918.7,0
2003,4062.3,62,10545.1,0
2001,201.3,6,709.1,0
2003,2336.2,44,7065.3,0
2003,3786.9,55,9996.5,0
2002,673.4,13,1900.7,0
2001,7172.3,122,16697.7,0
2003,7401.2,108,18813.9,0
2002,11110.5,226,32025,0
2001,8326.8,149,19625.2,0
2003,9555.6,130,23502.5,0
2002,2529.9,127,11882.2,0
2001,482.4,14,1663.6,0
2003,3339.2,71,10992.3,0
2002,817.5,21,2909,0
2001,238.9,6,729.2,0
2003,10494.1,131,25680.1,0
2002,1001.1,21,3042.7,0
2001,2781.4,59,7331.3,0
2003,3483.2,65,9915,0
2002,4644.1,97,13816.8,0
2001,2439.9,47,6094.3,0
2003,5191.3,71,12925.3,0
2002,910.7,42,4010.4,0
2001,949.9,30,3244.3,0
2003,2125.9,47,6854.2,0
2002,1022.8,44,4767.3,0
2001,337.2,5,738.6,0
2003,4630,64,11725.5,0
2002,897.1,16,2455.5,0
2001,3708.3,73,9675.5,0
2003,3129.6,71,10164.6,0
2002,4728.8,97,14015,0
2001,2246.5,42,5719.3,0
2003,3302.8,55,9053.5,0
2002,982,26,3198.6,0
2001,480.3,14,1694.6,0
2003,1705.3,52,7103.6,0
2002,418.5,15,1845.7,0
2001,587,10,1383.5,0
2003,3352.2,57,9695.7,0
2002,890.9,19,2723.8,0
2001,12132.6,201,28173.6,0
2003,9068.5,155,24889.8,0
2002,15039.2,267,40583,0
2001,6483.5,79,13279.7,0
2003,10315.9,139,25263.4,0
2002,5091.6,65,12297.1,0
2001,3276.4,101,10476.3,0
2003,5395.8,125,18726.9,0
2002,4383.4,159,17028.3,0
2001,1002.4,22,2768.6,0
2003,9134.1,124,23387.9,0
2002,2219.9,48,6838.4,0
2001,7926.1,137,18428.1,0
2003,7876.8,113,19799.8,0
2002,9696.2,215,29087.4,0
2001,5689.7,87,12753.7,0
2003,9357.5,127,22996.5,0
2002,3583.1,93,11813.6,0
2001,865.5,31,3654.9,0
2003,2045.5,49,7302.1,0
2002,795.2,40,4971.1,0
2001,1096.2,13,2140.9,0
2003,9390.8,116,22860.1,0
2002,1376,19,3322.1,0
2001,4703.7,76,10748.4,0
2003,4098.6,66,10994.2,0
2002,6581.6,126,18417,0
2001,2745.9,34,5678.7,0
2003,4376.2,58,10675.9,0
2002,878,9,2030.2,0
2001,659,18,2230.6,0
2003,1635.2,42,6094.4,0
2002,263.4,8,1084.8,0
2001,-55.6,1,20.7,0
2003,3909.1,53,9996.7,0
2002,950.4,17,2617.9,0
2001,20834.5,319,45898.9,0
2003,18329.7,271,47097.2,0
2002,22449.8,434,62868.2,0
2001,19653,288,42317,0
2003,23356.1,317,57577.7,0
2002,11121.4,267,35215.5,0
2001,1521.8,76,8026.7,0
2003,3841.9,101,14596,0
2002,2815.7,108,12988.4,0
2001,1318.7,19,2861.2,0
2003,22496.4,275,54624.7,0
2002,2735.8,50,7664.2,0
2001,5344.1,95,12957.1,0
2003,5936.2,102,16521.8,0
2002,7159.8,137,20039,0
2001,5064.1,56,9877.9,0
2003,11554,150,27940.3,0
2002,987.3,21,3078.2,0
2001,1241.5,32,4045.8,0
2003,2024,66,9047.6,0
2002,1227.3,33,4528,0
2001,994,15,2204.9,0
2003,9908.1,117,23755.4,0
2002,1459.3,25,3947.9,0
2001,7139.2,154,18777,0
2003,5283.7,88,14226.2,0
2002,7020.8,206,24621.5,0
2001,3043,69,8390.1,0
2003,6606.5,92,16493.7,0
2002,2363.8,112,10892.1,0
2001,2009.5,42,5510.2,0
2003,2613.4,66,9659.7,0
2002,1878.5,44,6099.9,0
2001,906.2,16,2195.5,0
2003,5803.5,76,14603.9,0
2002,1458.4,34,4731.7,0
2001,-78.8,6,517.6,0
2003,-93.3,10,971,0
2003,-16,3,337.3,0
2002,266.9,4,756.2,0
2001,821.1,9,1723.4,0
2003,-96.6,5,476.3,0
2002,1989.9,22,4779.2,0
2001,18.9,1,118.2,0
2003,-195.4,6,414,0
2003,-55.3,-1,-185.1,0
2001,183.2,2,382.9,0
2003,-88.6,4,367.9,0
2002,1177.1,13,2829.8,0
2001,-42.2,3,354.6,0
2003,-29.3,5,615,0
2003,55.7,3,423.9,0
2002,374.9,5,995,0
2001,831.5,8,1632.4,0
2003,-98.6,0,0,0
2002,1071.1,14,2806,0
2001,46.7,2,245.5,0
2003,29.4,9,1011,0
2003,111.4,4,608.9,0
2002,75,1,199,0
2003,-16.9,2,216.8,0
2002,317.1,4,816,0
2001,102.4,3,400.3,0
2003,169.6,6,854,0
2001,82.1,1,182.3,0
2003,110.5,2,370.2,0
2002,191.9,3,557.2,0
2001,82.1,1,182.3,0
2003,102.1,3,478.6,0
2002,766.5,10,2007.3,0
2001,247.7,12,1440.1,0
2003,77,17,1933.2,0
2001,656.6,8,1458.4,0
2003,30.6,7,868.6,0
2002,1049.5,14,2786,0
2001,1432.9,13,2736.6,0
2003,-15.1,5,574.9,0
2002,3092,31,7083.7,0
2001,121.2,6,718.3,0
2003,64.4,13,1487,0
2003,-7.9,1,99,0
2001,82.1,1,182.3,0
2003,37.9,2,282.6,0
2002,150,2,398,0
2001,1134.6,10,2134.4,0
2003,-79,5,498.2,0
2002,1662.7,19,4062.3,0
2001,122.6,5,618.3,0
2003,-77.6,10,990,0
2003,-15.9,4,455.6,0
2002,192,3,557.2,0
2001,765.5,6,1368.6,0
2003,-61.2,5,520.1,0
2002,1184,11,2619,0
2001,138.7,13,1430.2,0
2003,167.3,25,2911.5,0
2001,656.6,8,1458.4,0
2003,119.7,15,1926.7,0
2002,1091.4,15,2945.2,0
2001,3227,31,6329.5,0
2003,30,3,391,0
2002,4339.5,50,10648.2,0
2001,-30.2,4,366.7,0
2003,-18,6,628.2,0
2003,19.2,1,141.3,0
2002,75,1,199,0
2001,985.8,9,1888,0
2003,-8.1,1,108.4,0
2002,1226.1,13,2887,0
2001,85.2,5,581.7,0
2003,-30.8,4,396,0
2001,-16.6,2,181.4,0
2003,-15.2,2,198,0
2001,246.3,3,546.9,0
2003,-8.2,1,108.4,0
2002,300,4,796,0
2001,311.2,3,611,0
2003,-8.4,1,108.4,0
2002,1285.2,14,3066.4,0
2001,392.7,6,837.3,0
2003,4053.3,53,9133.1,0
2001,221.4,2,364.6,0
2003,631.1,7,1214,0
2003,1150.9,17,2547.4,0
2001,161.2,3,382.9,0
2003,2566.1,31,5667.5,0
2002,492.6,9,1312,0
2001,1235.8,15,2367.9,0
2003,2452.2,36,5895.7,0
2001,249.9,4,546.9,0
2003,1007.2,12,2057,0
2003,1207.9,16,2476.6,0
2003,1547.9,18,3418.9,0
2002,172.7,3,447,0
2001,1262.5,16,2448.9,0
2003,2024.3,29,4783.4,0
2001,-82.1,-1,-154.8,0
2003,1228.9,12,2318,0
2003,724.9,9,1452.6,0
2003,2334.4,27,5192.8,0
2002,401.7,7,1043,0
2001,286.1,3,510.4,0
2003,1522.4,22,3633.2,0
2001,251.6,4,546.8,0
2003,644.9,9,1492.5,0
2003,722.8,12,1593.6,0
2001,137.2,3,356.3,0
2003,1961.4,22,4284.9,0
2002,125.3,3,389,0
2001,948.7,12,1847.3,0
2003,1696.1,23,3905.8,0
2001,726.7,6,1162,0
2003,907.9,9,1729.3,0
2003,245.1,6,643.5,0
2001,63.3,1,136.5,0
2003,1964.9,23,4402.4,0
2002,57.8,1,149,0
2001,3266.2,41,6324.6,0
2003,6536.1,85,14720.5,0
2001,551.4,5,911.5,0
2003,1984.1,21,3800,0
2003,1037.1,20,2579.4,0
2001,376.6,6,819,0
2003,3950.9,45,8612,0
2002,512,10,1415.5,0
2001,2797.2,36,5484.8,0
2003,3318.6,46,7727.6,0
2001,400.8,4,692.7,0
2003,848.6,9,1711.3,0
2003,463.6,10,1275.3,0
2001,572.1,10,1365,0
2003,3250.5,41,7432.7,0
2002,1637.2,32,4632,0
2001,1212.1,14,2258.9,0
2003,2137.2,27,4753,0
2003,224.4,3,481.3,0
2001,15.8,1,90.7,0
2003,368.4,8,950.4,0
2001,126.6,2,273,0
2003,1878.7,22,4169.8,0
2002,173.4,3,447,0
2001,2150.6,29,4323.9,0
2003,3809.2,55,9092.1,0
2001,1072.1,12,1968.7,0
2003,2561,34,5631,0
2001,-106.5,-1,-182.3,0
2003,1735.5,33,4308.2,0
2001,290.5,5,682.5,0
2003,3830,48,8702.1,0
2002,2135.3,45,6299,0
2001,1384.8,19,2793.5,0
2003,3549.4,50,8298.1,0
2001,220.9,2,364.6,0
2003,886.8,9,1701,0
2003,965,14,2040.3,0
2001,121,2,273,0
2003,3099.7,38,7052.6,0
2002,608.8,11,1624.1,0
2001,646.3,9,1324.1,0
2003,1684,25,4067.4,0
2001,321.4,3,546.9,0
2003,829.6,10,1751,0
2003,754.9,12,1658.6,0
2001,503.2,8,1092,0
2003,1317.2,16,2976.8,0
2002,459.5,8,1192,0
2001,4571.4,107,14219.6,0
2003,-818.3,27,1778.7,0
2002,10523.4,202,32219.5,0
2001,836.3,23,2825.6,0
2002,989.1,39,4876.5,0
2001,-634.6,16,868.4,0
2003,-909.1,20,1129,0
2002,-605.7,27,1993,0
2001,363.5,7,1019.5,0
2003,-243.8,5,269.5,0
2002,783.3,11,2049,0
2001,87.6,1,182.3,0
2001,-17.5,1,72.4,0
2002,64,2,278,0
2001,10251.1,127,21769.1,0
2003,-134.7,19,1741,0
2002,17047.8,207,40926.5,0
2001,4049.7,48,8339.8,0
2002,4639.2,62,11734.1,0
2001,316.2,41,3975.2,0
2003,-157.5,15,1428.9,0
2002,136.5,64,6376,0
2001,92,1,182.3,0
2002,-86.4,15,1393.4,0
2001,3650.5,52,8419.1,0
2003,-344.9,19,1485.2,0
2002,10609,147,27428.5,0
2001,1600.3,23,3594.5,0
2002,2602.5,40,6929,0
2001,-75.7,39,3492.6,0
2003,-215,11,934.2,0
2002,-669.9,80,7272,0
2003,-62.8,3,259.5,0
2002,66.3,2,278,0
2001,3548.7,46,7763.2,0
2003,5,11,1089,0
2002,7431.8,93,18157.9,0
2001,2053.2,31,4934,0
2002,3569,61,10480.8,0
2001,-716.3,29,2036,0
2003,198.8,6,758.6,0
2002,-1059.8,75,6385.4,0
2001,89.2,1,182.3,0
2003,-4.3,2,216.8,0
2002,92.7,2,297.3,0
2001,17604,227,38215.8,0
2003,-633.6,39,3041.5,0
2002,37012.1,462,90183.8,0
2001,3105.1,42,7042.3,0
2003,-40.6,2,158,0
2002,3907.2,58,10449.2,0
2001,-841,47,3486.9,0
2003,-347.8,20,1700,0
2002,-896.6,107,9406.4,0
2001,37.3,17,1578.5,0
2003,-169.9,12,1038,0
2002,117,39,4006,0
2001,5508.5,64,11251.6,0
2003,37.7,5,555,0
2002,13979.1,170,33437.9,0
2001,3798.8,50,8077.9,0
2003,3.5,1,79,0
2002,7547,108,19298.1,0
2001,-81,44,3790.8,0
2003,-47.7,7,674.1,0
2002,-324.6,99,9223.1,0
2003,-48.4,3,259.5,0
2002,102.7,0,120,0
2001,3131.9,42,7057.7,0
2003,146.5,7,893,0
2002,8199.7,110,20730.6,0
2001,1564.5,19,3316.8,0
2002,3443.7,44,8317,0
2001,219.9,23,2394.7,0
2003,114.4,5,702.2,0
2002,-107.7,61,5975.9,0
2001,114.9,2,306.4,0
2003,-6.2,2,216.8,0
2002,260.3,5,832.1,0
2001,17259.9,216,37016.7,0
2003,-586.9,37,3100.5,0
2002,37579.1,458,90367.2,0
2001,5378.4,101,14714.4,0
2003,-1428.7,30,1439,0
2002,12250.2,166,30895,0
2001,163,105,9632.8,0
2003,-831,36,3104.8,0
2002,-688.7,215,20605,0
2001,348.9,6,912.4,0
2003,-1413.5,31,1897.7,0
2002,591.4,13,2029,0
2001,4636.2,58,9777.2,0
2003,-241.8,10,730.5,0
2002,10602.3,130,25576.4,0
2001,2873.4,36,6050.9,0
2002,6336.4,89,16395.6,0
2001,-793.2,63,4980.9,0
2003,-62,2,151.7,0
2002,-932.8,100,8871,0
2001,177.9,2,364.6,0
2003,-192.7,4,214.8,0
2002,243.9,3,597,0
2001,2353.1,42,6227.6,0
2003,-408.4,24,1896,0
2002,6128.5,74,14745.2,0
2001,1009.3,15,2406.2,0
2002,1986.4,35,5850.6,0
2001,-584.5,44,3532.5,0
2003,104.2,16,1659,0
2002,-1390.3,122,10389,0
2001,-437,18,1181.2,0
2003,365.7,4,663.6,0
2002,-601.3,27,1960,0
2001,-175.5,15,1616.7,0
2002,-287.2,26,3134,0
2001,1352.6,15,2440.9,0
2003,1817.2,34,4852.2,0
2002,2761,34,6001.5,0
2001,101.8,10,821.9,0
2003,4986.3,92,13511.5,0
2002,687.6,37,3753,0
2001,525.3,4,936.3,0
2003,226.8,13,1400.6,0
2002,1657,16,3711.2,0
2003,666.6,12,1763.1,0
2003,2581.6,50,7112.7,0
2003,340.3,9,1129,0
2001,-17,4,445.3,0
2003,53.7,5,635,0
2002,-176.4,12,1348,0
2001,654.3,8,1238.5,0
2003,424.8,12,1479.7,0
2002,1795.2,22,3897.5,0
2001,461.4,18,1816.7,0
2003,1897.3,36,5357.8,0
2002,690.7,28,3092,0
2001,1292.3,9,2217.6,0
2003,-51.9,2,173,0
2002,1704.4,13,3497,0
2001,-48.7,4,363.5,0
2003,-1.3,1,79,0
2002,-95,10,1120.7,0
2001,500.8,7,1007.9,0
2003,112,4,447.5,0
2002,1196.6,18,2853.4,0
2001,125.2,4,417.8,0
2003,2257.2,52,6921.3,0
2002,351.4,8,1052,0
2003,417.5,10,1358,0
2001,-9.4,7,776.1,0
2003,17.3,1,99,0
2002,-32.3,10,1264.2,0
2001,631.4,8,1265.4,0
2003,684.6,12,1757.6,0
2002,1312.7,20,3151.9,0
2001,62,7,671.6,0
2003,2326.1,54,7232.2,0
2002,-66.6,14,1311.1,0
2003,389.3,13,1537.4,0
2001,173,28,3438,0
2003,-117.5,3,208,0
2002,534.4,43,6187.7,0
2001,1599.2,19,2982,0
2003,1575.8,26,3945.4,0
2002,2813.5,34,6076.2,0
2001,1730.1,34,4197,0
2003,5963.4,114,16570.1,0
2002,2023.5,50,6375.6,0
2003,439.8,18,2138.7,0
2001,-44.4,3,308.8,0
2003,0.8,1,86.5,0
2002,-78,23,2831.2,0
2001,925.7,11,1727.2,0
2003,991.4,24,3133.7,0
2002,2507.9,32,5543,0
2001,341.4,16,1501.6,0
2003,2976,73,9455.2,0
2002,365.7,30,2855.1,0
2001,1579.3,11,2710.4,0
2003,402,19,2015.9,0
2002,3089.8,24,6386,0
2001,-79.6,8,789.7,0
2002,-50.9,14,1616.7,0
2001,182,2,327.5,0
2003,911.2,16,2380.7,0
2002,887,11,1936.4,0
2001,219.9,7,726.6,0
2003,3687.2,58,9175.7,0
2002,373.2,12,1398,0
2003,97.6,3,380,0
2001,68.5,22,2490.8,0
2003,-94.2,5,395,0
2002,-0.8,66,8205.7,0
2001,2489.7,30,4679.7,0
2003,3861.2,58,9248.1,0
2002,6238.9,77,13593.8,0
2001,1721.9,41,4698.6,0
2003,13759.1,243,36340.3,0
2002,1731.1,60,6873,0
2001,2683.4,19,4635.8,0
2003,140.1,19,1807.8,0
2002,5376.2,42,11141.4,0
2001,121,11,1337,0
2003,114.5,3,437.5,0
2002,-240.6,22,2518.7,0
2001,639.2,7,1148,0
2003,197,6,716,0
2002,1177,15,2594.5,0
2001,597.2,23,2260.4,0
2003,2842.1,50,7190.1,0
2002,718.9,33,3457.6,0
2001,142.9,1,246.4,0
2003,698.4,9,1271.3,0
2002,1704.5,13,3497,0
2001,-154.2,15,1501.3,1
2003,183.4,5,623.7,1
2002,-251.5,21,2331.6,1
2001,942.5,10,1674.2,1
2003,148.4,4,490.7,1
2002,1787.8,26,4205.9,1
2001,548,12,1418.2,1
2003,2859.9,54,7654,1
2002,669.9,18,2222,1
2001,1437.7,10,2464,1
2003,415.5,13,1573.8,1
2002,2082.7,16,4284,1
2001,632.2,10,1364.9,1
2003,-4.9,2,109,1
2002,2239.4,36,5364,1
2001,10306.4,142,19183.1,1
2002,19768.5,298,43595,1
2001,7116.7,147,16537.5,1
2002,12954.2,283,35489.7,1
2001,4.2,-1,-54,1
2002,-7.6,2,118,1
2001,366.3,9,972.1,1
2003,47.9,6,474,1
2002,1332.3,23,3427,1
2001,4929.8,71,9329.1,1
2003,90.4,7,602.1,1
2002,9918.8,149,22021,1
2001,4058.8,95,10342.2,1
2003,-62.2,8,482.5,1
2002,8440.7,209,24802,1
2001,12.5,1,72.4,1
2003,11.4,7,541.9,1
2002,11.4,1,79,1
2001,127.7,7,570.9,1
2003,54.5,10,797.5,1
2002,584.5,10,1490,1
2001,2464.3,37,4842.1,1
2003,11.4,2,158,1
2002,5850,90,13222.2,1
2001,1954.2,50,5143.4,1
2003,246.1,32,2610.5,1
2002,3675.1,104,11660.2,1
2003,77.8,12,1038,1
2001,233.4,3,409.5,1
2002,823.6,14,2086,1
2001,3075.6,48,6024.6,1
2002,6286.8,104,14585.4,1
2001,1980.4,52,5346.8,1
2002,2627.6,88,9326.3,1
2001,1343.2,23,3139.2,1
2002,3739.3,63,9312.5,1
2001,14095.1,191,26014.4,1
2002,28887.6,429,63577.8,1
2001,10817.8,189,23055.7,1
2003,24.9,3,237,1
2002,17040.5,340,44492.3,1
2003,27.3,3,259.5,1
2001,656.8,11,1501.4,1
2003,13.9,1,86.5,1
2002,1254.8,22,3255.7,1
2001,6859.8,110,14360.6,1
2003,26.8,7,553,1
2002,13519.7,227,33217.4,1
2001,4445.6,116,12227.2,1
2003,108.5,31,2464,1
2002,7702.6,222,25272.4,1
2003,115.8,15,1297.5,1
2001,297.6,6,773.1,1
2002,598,12,1738,1
2001,4385.1,58,7894.6,1
2002,7635.4,114,16832.6,1
2001,3369.8,59,7320.3,1
2003,16.9,1,79,1
2002,6186.5,117,15693,1
2001,-6.5,1,57.9,1
2003,18.5,1,86.5,1
2002,-5.9,1,63.2,1
2001,1658.9,27,3685.2,1
2003,34.7,2,173,1
2002,2728.5,50,7391.2,1
2001,20024.1,287,39078.9,1
2003,134.2,5,465,1
2002,44292.1,689,102144.3,1
2001,17793.3,292,36309.4,1
2003,10.8,1,79,1
2002,29819.4,585,76800.2,1
2001,519.2,10,1364.9,1
2002,1167.2,20,2980,1
2001,4439.7,62,8413.7,1
2002,9053.9,137,20262.6,1
2001,2689.6,91,8591.8,1
2002,5779.8,206,21388.2,1
2001,472.3,9,1028.4,1
2003,59.2,10,804,1
2002,860.1,14,2086,1
2001,3860.8,59,7548.4,1
2003,83.2,10,790,1
2002,9621.9,150,21800.4,1
2001,4213,121,11830.8,1
2002,5564.9,196,20255,1
2003,27.4,7,596.2,1
2001,15.9,2,188,1
2003,66.1,9,1028.2,1
2001,228.9,2,337.1,1
2003,132.6,5,606.2,1
2002,522,4,1076,1
2001,3009.6,22,5162.1,1
2003,74.6,4,433.6,1
2002,4080.1,33,8358.6,1
2001,428.1,3,739.2,1
2002,781.9,6,1614,1
2001,137.8,7,818.1,1
2003,690.9,22,3168,1
2003,-26.3,1,79,1
2001,522.9,4,936.3,1
2003,294,9,1369.9,1
2002,1209.2,10,2546.4,1
2001,2083.7,15,3591.8,1
2003,-34.3,3,303.3,1
2002,4576.5,37,9398.5,1
2001,97,7,762.8,1
2003,252.2,19,2274.8,1
2001,-43,1,57.9,1
2003,-39.3,1,63.2,1
2001,140.9,1,228.1,1
2003,91.3,3,456.7,1
2002,389,3,767,1
2001,603.6,5,1117.9,1
2003,-108.5,8,784.2,1
2002,2125,18,4497.5,1
2001,79.7,7,790.7,1
2003,149.6,10,1290,1
2001,429,3,720.9,1
2003,200.3,5,848.7,1
2002,599.4,5,1225,1
2001,1137.9,8,1916.3,1
2003,2.9,3,369.1,1
2002,3110.5,27,6513.3,1
2001,228,31,3297.3,1
2003,307.7,43,4916.9,1
2001,281.9,2,456.2,1
2003,399.2,18,2543,1
2002,1170.9,9,2361,1
2001,3072.9,24,5385.6,1
2003,-198.7,15,1521.2,1
2002,6741.9,57,14095.9,1
2001,875.5,12,1995.3,1
2003,490.7,19,2561.1,1
2001,367.2,3,689.9,1
2003,305.2,10,1522.2,1
2002,1876.6,16,4039.6,1
2001,3075.7,22,5228.6,1
2003,-36.2,4,422.7,1
2002,4933.4,43,10578.8,1
2001,51.6,1,154.8,1
2003,167.4,8,1022,1
2003,-9.1,1,99,1
2001,4.6,1,90.7,1
2003,80.9,5,642.2,1
2002,260.4,2,518,1
2001,858.5,6,1460.1,1
2003,11.3,3,358.1,1
2002,1161.5,10,2495.2,1
2001,446.2,19,2176.9,1
2003,482.8,35,4170.2,1
2003,-26,1,79,1
2001,1555,11,2637.1,1
2003,570.3,12,2013.8,1
2002,6074.4,49,12482.4,1
2001,7479.8,56,12899,1
2003,-87.6,10,996.4,1
2002,10881.3,88,22451,1
2001,-24.9,3,263.4,1
2003,140.3,9,1132.7,1
2001,674.4,6,1282.7,1
2003,147.1,6,903.1,1
2002,1895.9,16,4050.4,1
2001,2013.1,15,3463,1
2003,4.5,1,108.4,1
2002,3493.1,30,7364.2,1
2001,185.2,5,691.6,1
2003,228.4,8,1142,1
2001,418.3,3,720.9,1
2003,255.7,6,1033.7,1
2002,768.8,6,1574,1
2001,1507.1,11,2555,1
2003,4.6,1,108.4,1
2002,3984.8,33,8237.2,1
2001,5078.6,88,11210.3,1
2003,7270.3,131,18801.7,1
2003,233,5,788.9,1
2001,763.1,13,1682.9,1
2003,4345.3,84,11958,1
2002,3478.8,59,8531.6,1
2001,9580.4,147,19419.7,1
2003,1684.5,22,4249.7,1
2002,18812.8,333,46797.5,1
2001,3300,69,8036.5,1
2003,4972.2,110,14227.7,1
2001,494.9,8,1220.8,1
2003,625.5,15,2105.6,1
2003,2824.9,47,7159.6,1
2001,5511.6,101,12226.3,1
2003,1089.2,35,4454.9,1
2002,9521.4,192,25329.1,1
2001,3852.3,82,9424.8,1
2003,4954,115,14566.3,1
2001,365.2,4,775.4,1
2003,856,11,2160.9,1
2001,628.6,9,1228.4,1
2003,3062.6,58,8343.2,1
2002,1977.1,31,4619,1
2001,9722.7,156,20161.4,1
2003,1214.9,25,3695.5,1
2002,16949.4,304,42493.1,1
2001,2893.4,51,6334.4,1
2003,4955.8,94,12967,1
2001,446.6,4,857.6,1
2003,450.7,6,1184.7,1
2001,419.4,6,819,1
2003,3325.4,54,8330,1
2002,1842.1,29,4321,1
2001,9214.7,145,18940.6,1
2003,1325.8,21,3569,1
2002,15334.5,270,38109.8,1
2001,2351.4,45,5408.4,1
2003,3641.9,76,10147.4,1
2003,345.3,4,912,1
2001,926.3,14,1874.3,1
2003,1980.5,37,5490.9,1
2002,2535.6,45,6368.9,1
2001,5408.7,91,11484.5,1
2003,1399.4,22,3726.2,1
2002,10509.4,191,26507.2,1
2001,6611.5,136,15755.7,1
2003,12785.3,259,35235.1,1
2001,741.4,7,1441.7,1
2003,1757.7,19,4254.1,1
2001,2349.4,34,4640.8,1
2003,5790.5,110,15867.1,1
2002,6293.7,100,14859.8,1
2001,17897.3,276,36399.4,1
2003,3966.4,55,10047,1
2002,38223.1,669,94607,1
2001,3928.1,69,8678.5,1
2003,7473.3,138,19488.4,1
2001,351.3,5,821.2,1
2003,708,10,1860.1,1
2001,4073.4,60,8118.1,1
2003,3690.7,63,9634.8,1
2002,6709.6,109,16053.4,1
2001,11131.7,179,23063.5,1
2003,2171.1,39,6056.5,1
2002,22866.2,394,56053.7,1
2001,2316,40,5204.9,1
2003,4245.9,82,11465.6,1
2001,205.5,3,547.8,1
2003,187.7,3,598,1
2001,554.3,8,1092,1
2003,2305.2,41,6085.3,1
2002,1972.1,31,4619,1
2001,6077.5,107,13227.6,1
2003,1130.1,16,2928.1,1
2002,9827.8,188,25454.7,1
2001,9641.9,150,20429.1,1
2003,14406.4,252,36739.9,1
2001,1539.1,12,2746.5,1
2003,2134.7,20,4721.4,1
2001,6750.2,100,13557.3,1
2003,6675.4,123,17926.4,1
2002,11569.9,185,27444,1
2001,22326.9,340,45075.5,1
2003,4824.3,64,11902.1,1
2002,51011.7,895,126387.8,1
2001,4217.3,79,9550.7,1
2003,6126,122,16745.3,1
2001,827.7,8,1642.5,1
2003,1236.9,15,3057.3,1
2001,3232.9,51,6806,1
2003,2679.5,48,7301.3,1
2002,7960.1,127,18869.4,1
2001,13007.7,194,25983.3,1
2003,2340.7,40,6517,1
2002,28139.7,491,69481.2,1
2001,3030.1,60,7094.5,1
2003,6853.3,138,18580.9,1
2001,712.3,10,1604.8,1
2003,765.1,12,2049.9,1
2001,2534.8,38,5140.8,1
2003,3625.7,67,9827.1,1
2002,4564.7,72,10728,1
2001,8633.3,142,18132,1
2003,932.1,24,3211.2,1
2002,17640.6,313,43954.5,1
2001,574.9,7,1221.1,1
2003,101.6,1,217.9,1
2002,946.9,13,2441.6,1
2003,766.1,9,1601.5,1
2002,233.6,4,681.6,1
2001,-2.7,3,272.1,1
2003,1664.5,19,3371.9,1
2002,-53.8,5,435,1
2003,161.8,3,434.8,1
2003,187.6,2,358,1
2003,892,11,1831.2,1
2003,132.8,2,304.4,1
2001,989,11,2005.2,1
2002,1477.9,18,3582,1
2001,269.7,3,546.9,2
2003,584.2,8,1295.1,2
2002,529.9,8,1438.9,2
2001,89,2,273,2
2003,1108.3,15,2431,2
2002,81.2,2,298,2
2001,89.9,1,182.3,2
2002,82.1,1,199,2
2001,332.3,4,701.7,2
2002,360.7,5,935,2
2003,343.4,6,875,2
2002,82.1,1,199,2
2001,89,2,273,2
2003,682,12,1650.1,2
2002,164.3,4,598,2
2003,240.9,3,434.7,2
2001,152.5,2,337.1,2
2002,385.6,5,965,2
2001,89.9,1,182.3,2
2003,304.2,5,696.2,2
2002,164.2,2,398,2
2003,292.4,4,616,2
2002,64.7,2,278,2
2001,719.2,8,1458.4,2
2003,507.8,5,1089.5,2
2002,1863.4,23,4547,2
2001,449.1,5,911,2
2003,2930.5,36,6244.9,2
2002,738.5,9,1790.5,2
2001,115.4,3,391.2,2
2003,3870.5,48,8123.9,2
2002,391.5,8,1272,2
2003,406.3,4,871.6,2
2001,1177.7,19,2602.3,2
2003,1850.3,27,4482,2
2002,2109.9,26,5144,2
2001,1168.8,13,2369.8,2
2003,1314.1,16,2915,2
2002,492.6,6,1194,2
2003,1181.6,20,2907.2,2
2003,253.5,4,663.6,2
2002,470.6,9,1254,2
2001,89.9,1,182.3,2
2002,164.2,2,398,2
2001,89.9,1,182.3,2
2003,361.2,6,830.6,2
2002,163.9,2,397.7,2
2003,1122.5,14,2331.8,2
2002,53.9,5,565,2
2001,-38.1,2,144.7,2
2002,-17.4,1,79,2
2001,179.8,2,364.6,2
2003,798.5,9,1783.3,2
2002,1929,24,4726,2
2001,1501,17,3071.4,2
2003,4016.9,45,8381.7,2
2002,2027.6,25,4945,2
2001,269.7,3,546.9,2
2003,4217.8,47,8495,2
2002,164.2,2,398,2
2001,237.7,4,519.4,2
2003,90.3,3,325.2,2
2002,579,10,1461,2
2001,515.5,6,1048,2
2003,120.6,2,298,2
2002,1337,18,3412,2
2001,179.8,2,364.6,2
2003,973.3,12,2049,2
2002,492.6,6,1194,2
2001,89.9,1,182.3,2
2003,1457.9,18,3066.4,2
2002,164.2,2,398,2
2001,889.5,14,1875.6,2
2003,302,4,652.6,2
2002,945.1,17,2436.5,2
2001,1141.7,13,2342.5,2
2003,304.7,3,653.7,2
2002,1617.3,20,3950.2,2
2001,359.6,4,729.2,2
2003,995,11,2073.2,2
2002,574.7,7,1393,2
2003,1131.9,15,2466.4,2
2003,30.1,1,108.4,2
2001,84.9,1,182.3,2
2003,52.6,1,169,2
2003,352.5,3,747,2
2003,919.9,35,4839.4,2
2001,2024.6,15,3376.3,2
2003,-71.1,1,31.7,2
2002,3043.3,25,6097.7,2
2001,121.4,4,509.3,2
2003,130.3,5,685,2
2003,503.1,25,3248.4,2
2003,-48.9,9,964.7,2
2002,322.2,3,705.4,2
2001,-5.9,1,90.7,2
2003,149.6,3,497,2
2001,-5.9,1,90.7,2
2003,131.1,3,472.5,2
2003,341.2,8,1275.3,2
2001,929,8,1628.6,2
2003,-5.9,1,108.4,2
2002,2984,25,6010.9,2
2003,134.3,3,467,2
2003,203.9,3,547.8,2
2003,83.2,21,2284.5,2
2002,775.8,6,1494,2
2001,2509,18,4105.7,2
2003,-6.6,0,0,2
2002,1971.2,16,3909.3,2
2001,112.6,3,391.2,2
2003,224.6,8,1088.2,2
2003,428.1,5,1027,2
2003,1212.4,25,4167.9,2
2002,129.4,1,249,2
2001,425.1,3,684.3,2
2003,-16.5,4,423.6,2
2002,1359.7,12,2778.4,2
2001,641.8,8,1311.8,2
2003,537.3,10,1690,2
2003,255.2,3,622.5,2
2003,1068.6,37,5225.6,2
2002,2067.1,16,3972.2,2
2001,3202.4,23,5246.3,2
2003,-160.3,21,2068.6,2
2002,6253.9,51,12484.9,2
2001,694.7,10,1722.3,2
2003,898.2,15,2775.2,2
2001,-16.8,1,90.7,2
2003,415.8,6,1129.9,2
2003,1322.5,37,5595.3,2
2002,130.2,1,249,2
2001,1996.8,15,3339.3,2
2003,-296.2,15,1341.4,2
2002,5179.6,45,10815.6,2
2001,248.6,3,528.6,2
2003,227.1,3,577,2
2003,245.6,2,498,2
2003,820.8,17,2790.2,2
2002,130.2,1,249,2
2001,1352.4,10,2236.1,2
2003,-16,4,422.7,2
2002,2336.9,19,4632,2
2001,433.7,10,1417.5,2
2003,1061,23,3704.3,2
2003,1302.2,11,2689.2,2
2001,285.2,2,456.2,2
2003,2649,77,11417.7,2
2002,1428.8,11,2739,2
2001,4450.5,35,7787.1,2
2003,-384.2,25,2349.9,2
2002,8083.5,71,17036.5,2
2001,368.8,5,911.5,2
2003,273.2,6,1024,2
2003,511.7,24,3214.9,2
2002,650.1,5,1245,2
2001,2845.6,22,4890.2,2
2003,-119.6,7,605.5,2
2002,4726.9,44,10337.8,2
2001,-50.3,0,45.8,2
2003,180.1,5,745,2
2003,428.7,33,3993.6,2
2002,130.2,1,249,2
2001,1255.5,9,2052.9,2
2003,-84.1,10,1018.4,2
2002,1870.1,15,3685,2
2001,306.8,16,2229.8,2
2003,952.9,32,5378,2
2002,164.5,3,597,2
2001,-103.1,19,1420.9,2
2003,504,13,2347,2
2002,801.8,45,5080,2
2001,958.9,9,2034.1,2
2003,-73.5,12,1585.6,2
2002,2085.1,24,5677.7,2
2001,1140.3,22,3781.2,2
2003,2194.9,44,8406,2
2003,1754.2,24,5558.2,2
2001,611.1,8,1778.9,2
2003,144.4,9,1468.5,2
2002,1464.5,19,4681,2
2001,1101,20,3536,2
2003,1869,44,7986,2
2002,215.6,5,925,2
2001,-21.2,1,90.7,2
2003,-19.4,1,99,2
2001,482.2,5,1058.4,2
2003,892,17,3485.3,2
2002,953.2,10,2400.4,2
2001,1576.6,16,3649.4,2
2003,-9.8,6,814.8,2
2002,2117.4,24,5926,2
2001,347.7,10,1529.9,2
2003,913.2,31,4979,2
2002,74.5,5,755,2
2001,113.8,1,228.1,2
2003,458.6,6,1362.2,2
2002,412.4,4,996,2
2001,1018.6,9,2052.9,2
2003,97.5,11,1641.5,2
2002,1675.9,20,4511.7,2
2001,649.4,12,2077.6,2
2003,1254.4,32,5578.6,2
2002,-48.1,2,208,2
2001,112,1,228.1,2
2003,902.9,11,2627.1,2
2002,1035.7,10,2490,2
2001,540,5,1140.5,2
2003,161.2,15,2280.2,2
2002,1364.7,16,3668.3,2
2001,2459.4,46,7850.3,2
2003,5471.2,102,19375.3,2
2002,-39.2,12,1548,2
2001,113,1,114,2
2003,103.2,1,124.5,2
2001,537.7,12,1537.3,2
2003,3886.5,55,12316.7,2
2002,2758.1,45,7975,2
2001,3023.1,29,6614.8,2
2003,336.3,16,2588.7,2
2002,4434.4,50,12076.5,2
2001,499,19,3079.8,2
2003,1052.4,26,4914,2
2002,12.9,7,975,2
2003,-48.2,1,99,2
2002,165,1,199,2
2001,947.5,30,3673.4,2
2003,881.2,14,3269.8,2
2002,1359.9,38,5462,2
2001,1164.6,11,2463.5,2
2002,2259.5,25,6125.2,2
2001,923,22,3479.2,2
2003,1432.5,35,6105,2
2002,160.9,4,726,2
2001,227.4,2,456.2,2
2003,421.7,12,2166.1,2
2002,821.4,8,1992,2
2001,889.2,8,1808.2,2
2003,118.4,5,815.8,2
2002,1227.1,12,2969.9,2
2001,2006.4,60,9216.6,2
2003,2850.3,95,15897,2
2002,429.6,28,4242.2,2
2001,-33.8,5,361.9,2
2003,-56.2,9,711,2
2001,607.1,36,3576.3,2
2003,1727,67,10444.7,2
2002,2549.7,72,9784.4,2
2001,2812.1,27,6158.6,2
2003,189.3,26,3718.8,2
2002,4573.2,52,12798.2,2
2001,723.9,13,2534.8,2
2003,457.2,11,2239,2
2002,-44.8,1,79,2
2001,112,1,228.1,2
2003,345.4,6,1417,2
2002,720.8,7,1743,2
2001,191.1,2,456.2,2
2002,2208.4,27,6609.4,2
2001,484,13,2131.7,2
2003,702.6,14,2716,2
2002,-24.9,10,1300,2
2001,-39.9,1,90.7,2
2003,-36.4,1,99,2
2003,566.7,8,1852.8,2
2002,674.3,8,1822,2
2001,521.2,6,1254.5,2
2003,-6.7,4,576.1,2
2002,1231.4,15,3610.5,2
2001,9061.2,134,18813.2,2
2003,-2.4,11,1249,2
2002,19262.5,336,49337.8,2
2001,4478.2,54,8200.3,2
2002,10300.1,136,22301.2,2
2001,1345,45,4109,2
2003,5.9,4,400,2
2002,3765.5,104,11827,2
2001,79.6,4,390.4,2
2003,-94.6,4,336.2,2
2002,357.4,11,1475.9,2
2001,39.3,1,154.8,2
2003,35.9,1,169,2
2003,66.1,1,149,2
2003,111.7,2,348.3,2
2001,15581.7,251,33726.4,2
2003,283.9,16,1954,2
2002,34879,591,88265.7,2
2001,4444.1,51,7656.6,2
2003,29.4,1,79,2
2002,7888.3,99,16446.8,2
2001,2736.7,47,5651.8,2
2003,176.9,12,1350.4,2
2002,4093.4,83,10522.5,2
2001,653.4,5,1305.4,2
2003,129.5,4,499.4,2
2002,816.3,8,1962,2
2001,6405.9,116,15058.7,2
2003,78.9,11,1039,2
2002,13639.5,239,35271.7,2
2001,1733.3,23,3304.8,2
2003,10.6,1,79,2
2002,3810.7,56,8816.4,2
2001,1585.2,35,3962.4,2
2003,267.1,14,1361,2
2002,1724.9,49,5877,2
2001,869.5,8,1764.5,2
2003,357.3,11,1236.3,2
2002,766.3,9,1889.4,2
2001,8823.3,170,21447.3,2
2003,114.2,5,605,2
2002,14644.6,285,40259.2,2
2001,1801,27,3545.1,2
2002,3879.9,67,9468,2
2001,1263.4,28,3199.5,2
2003,291.1,6,678.4,2
2002,2240.6,52,6844.2,2
2001,115.1,1,259.4,3
2003,201.2,2,337.3,3
2002,675.6,6,1592.4,3
2001,18906.1,295,40101.4,3
2003,204.1,22,2190.6,3
2002,35025.5,592,89085,3
2001,8912.6,91,14833.5,3
2003,-11.8,1,79,3
2002,18888.3,218,38278.4,3
2001,5174.8,74,10133.2,3
2003,103.4,8,818.3,3
2002,7910.6,135,19530.6,3
2001,1337.3,10,2372.7,3
2003,25,14,1333.4,3
2002,3244.2,28,6772,3
2001,17109.8,325,41073.1,3
2003,18.2,7,903,3
2002,34057.7,672,94032.4,3
2001,5977,88,12137,3
2003,63.1,4,386,3
2002,11187.1,167,25864.2,3
2001,3500.9,69,8047.2,3
2003,273.8,27,2642.9,3
2002,4571.6,100,12684.5,3
2001,408.1,3,821.7,3
2003,-136.6,9,866.1,3
2002,1054.3,10,2600,3
2001,6556.5,106,14026.5,3
2003,-86.2,5,455,3
2002,13564.6,226,33918.7,3
2001,1435.8,17,2536.7,3
2002,5643.5,69,11857.7,3
2001,2501.9,33,4860.1,3
2003,-77.6,5,406.9,3
2002,3070.7,49,7399.2,3
2001,94.7,1,154.8,3
2003,85.3,3,336.2,3
2002,730.4,7,1663.5,3
2001,27999.9,438,59618.7,3
2003,234,32,3536.5,3
2002,55530.8,908,136463.8,3
2001,17919.3,211,31886.5,3
2003,-57.1,7,524,3
2002,32575.3,414,68351.1,3
2001,7309.6,129,15958.9,3
2003,1044.6,24,3068.3,3
2002,9496,220,28070,3
2001,352.8,3,638.5,3
2003,446.7,18,2159.5,3
2002,3639.2,32,8616.4,3
2001,7175.1,118,16060.7,3
2003,374.6,12,1500,3
2002,15864,280,41755.6,3
2001,2987.2,43,5906,3
2002,6404.6,101,15164,3
2001,2361.8,41,5056,3
2003,298.1,7,1038.4,3
2002,4222.3,94,12068.4,3
2001,428.7,3,821.7,3
2003,187.2,4,521.3,3
2002,781.1,8,1832,3
2001,10659.6,194,25665.1,3
2003,233.2,14,1522,3
2002,19097.4,378,54388.5,3
2001,3375.2,52,6984.3,3
2003,20.7,3,237,3
2002,8335.9,133,19964.8,3
2001,2329.9,59,6279.9,3
2003,237.9,5,857.5,3
2002,3108.5,81,9454.2,3
2001,447,4,870.4,3
2003,59.9,3,336.2,3
2002,636.3,6,1608.2,3
2001,852.6,25,2267.4,3
2002,2505.3,83,8097.2,3
2001,661.1,23,1952,3
2002,997.3,41,3690.2,3
2001,-29.6,2,81.5,3
2003,-34.1,1,20,3
2002,5,3,187,3
2003,-37.3,1,21.9,3
2001,809.1,24,2158.5,3
2003,31.4,2,158,3
2002,1584.3,50,4950,3
2001,486.1,15,1324,3
2003,29.6,2,158,3
2002,877.2,34,3124.9,3
2001,160.1,10,715.5,3
2003,17.2,1,86.5,3
2002,201.2,14,1097,3
2003,33.4,2,173,3
2001,449.4,13,1179,3
2002,854,27,2673,3
2001,380,11,997.7,3
2002,693,23,2237.2,3
2001,14.9,1,72.4,3
2002,27.2,2,158,3
2002,14.9,1,79,3
2001,172.6,5,453.5,3
2002,515.3,19,1771.4,3
2001,468.1,16,1359.7,3
2002,506,20,1822.1,3
2001,-9.1,1,44.9,3
2002,-54.3,2,59.7,3
2001,1696.9,55,4815,3
2003,20.1,3,207.5,3
2002,3775.8,125,12216.3,3
2001,1156.2,36,3173.6,3
2002,1824.6,64,6096,3
2001,84.5,4,307.9,3
2002,156.2,7,613,3
2003,32.4,2,173,3
2001,1273.1,39,3491.5,3
2002,2458.6,80,7855.5,3
2001,1165.3,36,3159.7,3
2002,1726.6,66,6089.8,3
2001,130.5,7,525,3
2002,136.7,9,711,3
2001,173.5,5,453.5,3
2002,464.9,15,1470.2,3
2001,236.8,9,744.4,3
2002,230.8,10,891.8,3
2001,23.1,2,135.6,3
2003,30.4,2,165.5,3
2002,30,4,276,3
2001,2251.4,66,5958.2,3
2002,3480,113,11127.7,3
2001,1002.1,37,3053.4,3
2002,1946.9,73,6758.6,3
2001,126.5,6,452.6,3
2002,237.2,12,1008,3
2001,845.8,25,2253.8,3
2002,1497.7,49,4816.3,3
2001,501,16,1396.6,3
2002,661.1,25,2316.6,3
2001,47.3,3,217.2,3
2002,134.5,9,711,3
2001,308.6,9,816.3,3
2002,1559.4,51,5017.3,3
2001,332.6,14,1116.5,3
2003,14.8,1,79,3
2002,1092.4,41,3792.3,3
2001,83.1,5,361.9,3
2002,59,4,316,3
2001,145,4,509.3,3
2003,422.1,13,1797,3
2001,749.4,16,2208,3
2003,145,4,608.8,3
2002,977.6,22,3358.5,3
2002,165.7,2,398,3
2001,136,3,409.5,3
2003,124.2,3,447,3
2002,1914,45,6766.5,3
2003,45.3,1,163.2,3
2002,165.8,2,398,3
2001,4819.7,118,15570.7,3
2002,4898.7,124,18192.5,3
2001,2449.6,27,4921.8,3
2002,2775.7,34,6716,3
2001,90.8,1,182.3,3
2002,82.9,1,199,3
2002,1833.3,44,6570,3
2001,90.8,1,182.3,3
2002,82.9,1,199,3
2003,91,3,407,3
2001,90.8,1,182.3,3
2003,99.7,3,445.7,3
2002,2087.7,48,7273,3
2002,165.8,2,398,3
2001,148.5,8,1001.2,3
2003,704.3,20,3181,3
2001,110.3,1,182.3,3
2003,518.9,5,995,3
2002,201.4,2,398,3
2001,-32.3,3,180.5,3
2003,1500.4,20,3844.5,3
2002,773,17,2573,3
2001,1459.8,14,2960.7,3
2003,119.3,3,434.8,3
2002,2900.9,31,7145.1,3
2001,139.7,3,455.3,3
2003,114,6,824,3
2003,577,6,1139.1,3
2003,210.7,5,723.3,3
2001,278.1,3,602.3,3
2003,-42.8,3,281.4,3
2002,363.4,4,906.5,3
2001,75.4,1,182.3,3
2003,596.3,11,1949,3
2003,540.1,6,1094.5,3
2002,94,1,191,3
2001,442.1,7,1056.3,3
2003,813.4,12,2276,3
2002,1076.3,16,2908.2,3
2001,1652.7,14,3193.4,3
2002,2873.5,28,6783,3
2001,320.3,6,965.5,3
2003,228.7,6,984,3
2001,-41.8,1,72.4,3
2003,480.6,6,1074,3
2002,402.7,4,795.5,3
2001,281.6,4,637.6,3
2003,467.9,7,1304.2,3
2002,581.2,9,1551,3
2001,482.5,5,1026.4,3
2003,44.6,2,271.6,3
2002,1436.9,17,3749.6,3
2001,89.1,3,410.4,3
2003,166.6,12,1585.4,3
2001,110.2,1,182.1,3
2003,311.4,3,597,3
2002,132.6,2,314.9,3
2001,98.2,3,311.9,3
2003,747.1,9,1648.2,3
2002,286.1,5,971.5,3
2001,2009.2,18,3951.4,3
2003,-78.3,4,418.3,3
2002,2261.2,22,5309.6,3
2001,705.6,15,2294.7,3
2003,1368.2,34,5526,3
2001,330.9,3,546.9,3
2003,1037.7,10,1990,3
2002,486.9,5,975,3
2001,842.3,9,1714,3
2003,3282.2,38,7836.4,3
2002,1801.2,23,4538,3
2001,4607.6,40,8953.8,3
2003,121.9,9,1271.4,3
2002,7536.4,71,17443.4,3
2001,829.4,14,2332.2,3
2003,809.4,19,3211,3
2001,110.3,1,182.3,3
2003,883.9,12,2000.1,3
2002,190.4,2,384.7,3
2001,332.2,8,973,3
2003,1388.2,22,3962.1,3
2002,1260.2,18,3382,3
2001,2355.1,20,4549.4,3
2003,-31.8,5,607.8,3
2002,4291,43,10244.3,3
2001,65.8,3,387,3
2003,201,5,825,3
2003,207.5,2,398,3
2001,347.3,3,684.3,3
2003,710.5,8,1567.6,3
2002,648.9,6,1494,3
2001,554.3,5,1098.9,3
2003,22.8,1,108.4,3
2002,1354.6,15,3403.8,3
2001,1079.7,19,2942.4,3
2003,1272.4,29,4842,3
2001,1005.1,9,1686,3
2003,2831.7,28,5522.5,3
2002,1452.2,15,2914.6,3
2001,925.4,15,2285.6,3
2003,5086.4,60,11801.3,3
2002,2811.5,38,7302,3
2001,4368.1,38,8545.4,3
2003,288.4,8,1218.9,3
2002,7418.3,72,17444.5,3
2001,494.1,13,1875.2,3
2003,329.4,17,2363.5,3
2001,198.9,2,342.7,3
2003,518.9,5,995,3
2002,181.6,2,374.1,3
2001,3.8,3,217.1,3
2003,1650,20,3921.7,3
2002,485.2,10,1540,3
2001,1301.8,11,2509.1,3
2003,44.3,5,673.5,3
2002,3127.6,29,7171,3
2001,188.8,5,729.2,3
2003,295.3,9,1392,3
2001,317.3,3,533.3,3
2003,332.6,4,696.5,3
2002,533.8,6,1109.2,3
2001,257.6,6,764,3
2003,683.9,10,1852.8,3
2002,996.7,13,2577,3
2001,1056.9,9,2052.9,3
2003,-2.8,4,456.6,3
2002,2252,23,5452,3
2001,20463.1,370,50576.4,3
2003,22.6,1,109,3
2002,40715.4,747,116807.7,3
2001,26278.8,334,54790.3,3
2003,340.1,6,904.7,3
2002,50103.7,715,126144.9,3
2001,3263.1,125,13531.3,3
2003,901.7,16,2440.3,3
2002,3524.4,305,32819.6,3
2001,-73.1,3,235.4,3
2003,223.9,3,445.7,3
2002,-237.2,6,554,4
2003,98.5,1,199,4
2003,402.2,8,1149.2,4
2003,62.5,1,163.2,4
2001,24374.7,358,54847.5,4
2003,-80.2,12,1079,4
2002,54734.2,833,141624.6,4
2001,35988.4,464,75254.5,4
2003,186.1,5,650,4
2002,64553.9,932,164705.7,4
2001,3885,82,11293,4
2003,679,13,1893.9,4
2002,6431.8,154,22366,4
2001,169.4,2,364.6,4
2003,-158.1,9,790.6,4
2002,450.9,8,1352,4
2001,17235.2,237,36454.1,4
2003,-56.1,11,1129,4
2002,38334.9,589,98904,4
2001,21584.2,302,48129.4,4
2003,98.5,1,199,4
2002,41118.7,627,109191.5,4
2001,3774,85,11061.6,4
2003,468.8,11,1561.9,4
2002,5295.5,166,22013.5,4
2001,171.5,2,346.3,4
2003,-51,1,86.5,4
2002,236.5,3,577,4
2001,12875.7,213,30564.3,4
2003,-90.8,3,337,4
2002,36307.7,599,97991.7,4
2001,18861,269,42611.7,4
2003,98.5,1,199,4
2002,31500.6,518,87363.6,4
2001,1328,48,5418.9,4
2003,107.9,1,217.9,4
2002,2959.1,114,14039.3,4
2001,37809.8,660,92870.7,4
2003,-1024.1,49,3885,4
2002,96040.9,1748,271607.5,4
2001,58689.5,746,122485,4
2003,801.8,13,2171,4
2002,93832.2,1338,236903,4
2001,7389.6,189,23851.2,4
2003,738.8,44,5343.7,4
2002,13634.4,385,52657.7,4
2001,412.4,6,946.3,4
2003,-34.6,15,1354.5,4
2002,614.7,10,1682,4
2001,32373.2,462,70877.9,4
2002,78067.3,1207,202960.8,4
2001,35791.1,477,76361.7,4
2003,152.9,9,1086,4
2002,64611.4,966,167116.1,4
2001,4704.9,180,19493.6,4
2003,1015.8,44,5145.4,4
2002,7090.1,280,33742.6,4
2001,173,2,365.5,4
2003,28.6,7,649.3,4
2002,176.6,3,497,4
2001,15219.7,219,33089.1,4
2003,124,11,969,4
2002,33256.8,526,86949.2,4
2001,19135.6,252,40681.4,4
2003,99.6,2,278,4
2002,37430.5,550,96533.3,4
2001,2536,51,6769.1,4
2003,654.7,17,2167.4,4
2002,5343,128,18627.6,4
2001,-5.2,3,217.1,4
2003,17.1,4,367.9,4
2002,80.9,4,436,4
2001,55279.5,848,125120.9,4
2003,-498.9,33,2687,4
2002,122461.6,1918,320285.1,4
2001,71493.1,940,150453.4,4
2003,1810.6,24,4172.6,4
2002,139217.5,2023,353000.8,4
2001,13560.8,319,41279.5,4
2003,1995.4,46,6624.7,4
2002,18241.8,489,67329.3,4
2001,-102.4,6,718.2,4
2003,-76,19,1764.1,4
2002,-253.9,16,1744,4
2001,21843.2,349,51435.1,4
2003,-535,22,1441.5,4
2002,48560.6,823,132206.5,4
2001,31543.6,420,68334,4
2003,90.1,5,583.5,4
2002,53653.2,799,141034.4,4
2001,4935.1,122,15301.9,4
2003,269.3,10,1247.1,4
2002,6820.9,212,27134,4
2001,84.6,1,182.3,4
2003,-369.8,17,1264.9,4
2002,160,2,368,4
2001,24887,392,58006,4
2003,40.7,6,481.5,4
2002,58700.3,934,156305.9,4
2001,32556.9,425,69566.4,4
2003,38.5,2,158,4
2002,63100.7,965,168561.7,4
2001,5650.2,141,17190.8,4
2003,117.8,6,644.3,4
2002,6318.3,206,25895.8,4
2001,89.3,2,250.5,4
2003,38.4,6,519,4
2002,18.4,2,173.5,4
2001,181.6,13,1133.2,4
2003,214.1,15,1605,4
2002,-20.6,20,1385,4
2001,-12.6,6,392.8,4
2002,17.4,14,1028.8,4
2001,261.8,6,687,4
2003,526.7,10,1582.3,4
2002,246.4,8,900,4
2001,1342.5,10,2212.6,4
2003,59.7,5,574.9,4
2002,2443.7,21,4884.8,4
2001,1089.7,9,1904.8,4
2002,995.1,9,2079.4,4
2001,216.3,3,464.4,4
2003,213.7,5,705,4
2001,-61.6,3,134.7,4
2003,-8.5,1,79,4
2002,-95.8,5,245,4
2001,724.6,5,1140.5,4
2003,555.5,5,1151.7,4
2002,802.9,7,1593.6,4
2001,1456.8,11,2395.1,4
2003,8.9,1,108.4,4
2002,3013.5,26,6045.4,4
2001,28.3,2,181.4,4
2003,123.5,6,694,4
2002,-0.2,2,138,4
2001,-117.2,6,269.4,4
2002,-222.1,12,588,4
2001,145.4,1,228.1,4
2003,100,3,423.9,4
2002,468.4,4,921.3,4
2001,1071.6,9,1847.5,4
2003,-9.1,1,86.5,4
2002,2201.5,20,4501.6,4
2001,72.3,1,154.8,4
2003,205.3,5,695,4
2001,-18.5,1,44.9,4
2002,-68.8,4,196,4
2003,71.7,1,185.1,4
2002,719.9,7,1493.6,4
2001,1393.2,13,2492.7,4
2003,8.8,1,108.4,4
2002,1985.3,20,4249.1,4
2001,186.1,5,581.8,4
2003,269.5,7,933,4
2001,-283.2,21,1098.4,4
2003,1820.1,24,4469.2,4
2002,-212.3,38,2507.3,4
2001,2937.5,22,4835.5,4
2003,183.2,4,619.9,4
2002,4793.4,40,9518.4,4
2001,704.3,12,1684.6,4
2003,748.6,18,2433,4
2002,-5.8,3,207,4
2001,-85.5,5,252,4
2003,-7.5,2,178,4
2002,-104.1,6,294,4
2001,-9.7,1,54,4
2003,1721.9,24,4236.3,4
2002,619.8,5,1195.2,4
2001,144.4,1,228.1,4
2003,-12.6,5,454.4,4
2002,3114.6,27,6294,4
2003,32.1,1,129,4
2001,145.2,1,228.1,4
2002,607.4,6,1269.9,4
2001,939.5,7,1551.1,4
2002,1736.4,15,3503.7,4
2001,689.3,42,4065.4,4
2003,771.1,49,5314.1,4
2002,-62.9,8,482,4
2001,-232.8,11,493.9,4
2003,-46.5,3,177,4
2002,-390.9,22,1098,4
2001,424.8,13,1344,4
2003,2680.3,48,7689.5,4
2002,765.5,31,3324.9,4
2001,3458.2,28,5816.3,4
2003,6.7,26,2533.8,4
2002,7750.6,68,15604.8,4
2001,70.7,2,236.3,4
2003,161.7,6,734.5,4
2001,-79.7,4,179.6,4
2002,-93.8,5,245,4
2001,434.8,3,684.3,4
2003,926.3,16,2633.3,4
2002,996.8,8,1917.3,4
2001,1396.7,11,2326.5,4
2003,83.6,3,401.9,4
2002,2652.3,22,5233.5,4
2001,213.6,10,971,4
2003,303.3,10,1260,4
2002,-35.3,12,817.7,4
2001,-1.9,3,189.6,4
2002,-5.8,8,551.9,4
2001,290.4,2,456.2,4
2003,853.8,13,2259.7,4
2002,598.8,5,1170.3,4
2001,657,5,1072.1,4
2003,75.8,4,488.4,4
2002,2537.9,22,5101.6,4
2001,3235.5,46,6995.9,4
2003,4340.3,76,12059,4
2001,1230.5,19,2922.9,4
2003,2733.7,44,7282.5,4
2001,964.8,19,2474.3,4
2003,2383.7,53,7870.2,4
2002,2634.3,41,6559,4
2001,6086.2,88,12860.3,4
2003,1874.5,33,5743.7,4
2002,10830.8,171,27416.7,4
2001,2404.3,38,5415.8,4
2003,4229.3,89,12816.3,4
2001,293.4,3,546.9,4
2003,1071.6,15,2635.9,4
2001,-3.4,2,144.8,4
2003,5136.3,80,13269.4,4
2001,4447.4,65,9864.9,4
2003,3014.6,53,8854.1,4
2002,9273.5,155,24458.7,4
2001,2137.9,37,5174.9,4
2003,3049.8,66,9312,4
2001,961.4,15,2309.4,4
2003,1489.7,24,4012.8,4
2001,2716.7,40,5838.3,4
2003,2250.2,41,6578.1,4
2002,5442.1,82,13611.6,4
2001,5239.2,63,10723.1,4
2003,794.7,14,2275.7,4
2002,9324.2,123,22804,4
2001,1444.2,32,3588.9,4
2003,2958.4,56,8302.6,4
2001,879.5,16,2363.2,4
2003,1296.2,27,4254.8,4
2001,1614.3,22,3447.1,4
2003,2616,44,7227.1,4
2002,3557.9,52,9021.6,4
2001,3935.2,51,8259.4,4
2003,2617.9,40,7232.9,4
2002,8325.5,134,21179.8,4
2001,1306.3,20,3084,4
2003,1737.6,47,6201.6,4
2001,696,13,1876.7,4
2003,1732.6,37,5696.5,4
2001,1241.1,24,3179.8,4
2003,2200.6,47,6923.2,4
2002,3944.6,62,10227,4
2001,2569.6,46,5962.3,4
2003,2718.6,38,7254.8,4
2002,6600.1,112,17494.9,4
2001,4913.9,76,10873.2,4
2003,8080.8,137,21922.8,4
2001,2031.4,30,4747.1,4
2003,5140.5,73,12979.8,4
2001,5961.1,86,13286.4,4
2003,4916.9,106,15523,4
2002,11491.7,166,28238.5,4
2001,16336.3,229,34261.1,4
2003,5343.8,78,14293.7,4
2002,29494.4,423,73214.2,4
2001,1922.4,37,4653.2,4
2003,5104.8,89,13935,4
2001,861.1,16,2349.7,4
2003,2576.1,53,8256.9,4
2001,3642,50,7727.4,4
2003,5562.5,98,16344.3,4
2002,6476.3,102,16543.4,4
2001,5092.3,66,10580.3,4
2003,4830.2,79,13764,4
2002,11617.7,159,28362.9,4
2001,1057.7,25,2895.4,4
2003,2477.3,51,7416.2,4
2001,364.7,6,875,4
2003,1186,18,2914.6,4
2001,838.2,13,1792.7,4
2003,2539.2,37,6302.3,4
2002,1958.1,28,4943,4
2001,4438.9,54,9155.6,4
2003,1331.7,22,3732.7,4
2002,9823.9,128,24197.2,4
2001,6846.4,120,16602.6,4
2003,8890.9,172,25986.3,4
2001,2158.5,34,5156.2,4
2003,6177.6,110,17672.2,4
2001,3814.9,55,8306,4
2003,10472,158,26860.3,4
2002,8615.4,139,21869.2,4
2001,15693.4,198,32090.4,4
2003,9046.5,138,24969.7,4
2002,25635.1,372,63663,4
2001,2644.8,40,5982.8,4
2003,3794.5,79,11317.2,4
2001,968.7,13,2089.2,4
2003,3021.5,49,8401.4,4
2001,4087.1,59,9005.3,4
2003,3855.5,65,10655.1,4
2002,8357,133,21188,4
2001,6539.5,83,13336.7,4
2003,5234.3,78,13929.4,4
2002,13823.4,194,34159.1,4
2001,3139,49,7078.9,5
2003,4158.9,85,12490,5
2001,892.5,18,2557.7,5
2003,2172.6,41,6601.5,5
2001,1890.3,36,4667.3,5
2003,3861.1,69,10949.6,5
2002,6682.5,106,16967,5
2001,7774.6,85,15544.3,5
2003,2544.4,48,8351,5
2002,13397.9,174,32522,5
2001,496.7,21,2350.6,5
2003,10.3,18,1958.9,5
2002,940.1,13,2057,5
2001,2045.1,22,3808.1,5
2003,2124.9,30,5196.2,5
2002,4751.9,59,10462.7,5
2001,994.8,21,2460.8,5
2003,4468.9,74,12349.2,5
2002,1201.9,28,3572,5
2001,15.3,3,282.1,5
2003,299.8,15,1910.7,5
2002,178,5,731.3,5
2003,635.7,9,1522.5,5
2003,1990.8,45,6404.8,5
2003,349.3,11,1455.3,5
2001,670.8,15,1909.8,5
2003,55.3,9,1041,5
2002,1165,20,2840,5
2001,2553.7,30,4762.3,5
2003,1220.2,20,3152.5,5
2002,3512.5,43,7702.3,5
2001,403.2,7,900.6,5
2003,3271.3,51,8764.5,5
2002,649.2,12,1658,5
2001,344.4,5,866.8,5
2003,158.3,5,618.7,5
2002,809.8,10,2111.2,5
2001,334.4,12,1234.7,5
2003,117,9,1088.5,5
2002,426.4,10,1159.7,5
2001,502.5,6,905.7,5
2003,544.2,9,1420.9,5
2002,2295.4,29,5088.7,5
2001,271,9,944.5,5
2003,2323.9,49,7340.2,5
2002,706.8,26,2839.5,5
2001,289.4,4,707.1,5
2003,295.7,9,1205.7,5
2002,260.9,4,766.6,5
2001,507.9,15,1438.2,5
2003,1.5,10,950,5
2002,1188.5,27,3193.1,5
2001,1417.4,16,2642.8,5
2003,661.9,9,1591.1,5
2002,2070.1,27,4680.5,5
2001,613.7,12,1522.9,5
2003,1730.7,45,6187.9,5
2002,857.5,17,2487.5,5
2001,162.3,3,474.3,5
2003,2,8,812.5,5
2002,270.9,5,891.3,5
2001,639.2,26,2536.4,5
2003,88.1,26,2673.9,5
2002,3117.5,56,7758.4,5
2001,3518.6,36,6266.9,5
2003,5375.9,70,12536.7,5
2002,7504.8,88,16369.1,5
2001,1067.3,13,2152.1,5
2003,10798.7,173,29006.1,5
2002,1631.3,39,5071,5
2001,493.2,6,1117.7,5
2003,322.3,28,3177.9,5
2002,641.7,11,2016.9,5
2001,491.8,15,1691,5
2003,-207.9,18,1758.4,5
2002,1282.3,19,3002.1,5
2001,2672.1,33,5307.4,5
2003,2380.4,41,6458.1,5
2002,5450.5,62,11824.9,5
2001,748.4,21,2124.4,5
2003,5228.3,127,17796.5,5
2002,1774.2,48,5794,5
2001,357.5,4,775.5,5
2003,102,36,3694.7,5
2002,501.1,5,1170.3,5
2001,32.9,5,334.4,5
2003,102.8,4,496.2,5
2002,222.1,8,742,5
2001,686.9,8,1238.4,5
2003,1085.3,15,2611,5
2002,2673.4,34,5711.4,5
2001,428.6,9,1008.7,5
2003,2544.6,44,7049.6,5
2002,432.1,7,1103,5
2001,10.3,1,114,5
2003,-13.8,5,432.7,5
2002,121.1,4,597.6,5
2001,749.9,36,3658.4,5
2003,-32.2,45,4885,5
2002,2798.4,54,7075.2,5
2001,9128.7,97,16592.2,5
2003,7931.6,94,17671.7,5
2002,15544.9,187,33718.7,5
2001,1066,20,2400.1,5
2003,12646.8,227,36233,5
2002,2541.7,45,6345,5
2001,359.8,7,979.4,5
2003,718.6,41,5112.7,5
2002,2031.7,29,5556.9,5
2001,653.5,13,1628.7,5
2003,-155.3,11,760,5
2002,1781.4,25,4035,5
2001,2462.9,27,4619.5,5
2003,1457.8,17,3222.6,5
2002,4084.4,46,8929.5,5
2001,646.5,14,1672.8,5
2003,3251.5,77,10895.2,5
2002,1144.7,25,3449.8,5
2001,548.2,5,1072.1,5
2003,226.4,22,2276.5,5
2002,773.2,12,2290.8,5
2001,213,8,831,5
2003,-21.2,6,654,5
2002,863.6,15,2100.2,5
2001,2438.5,28,4453,5
2003,1546.7,24,3898.2,5
2002,4980.3,58,10658.6,5
2001,498.4,10,1181.8,5
2003,2102.2,53,7374,5
2002,817.8,22,2873.3,5
2001,287.5,6,912.3,5
2003,-14.8,15,1407.1,5
2002,518.3,11,1811.6,5
2003,635.6,5,1363.3,5
2003,1961.2,21,4463.6,5
2003,1618.4,29,5068.6,5
2003,72.1,1,185.1,5
2003,1022.4,11,2372.5,5
2003,983.5,12,2504,5
2003,186.3,2,463.5,5
2003,870.6,11,2150.3,5
2002,25.4,1,108.2,5
2001,62.2,2,236.4,5
2003,1489.5,19,3782.1,5
2002,56.8,2,258,5
2001,47.2,1,123.7,5
2002,43.1,1,135,5
2003,738.7,9,1827.2,5
2003,833.4,15,2642.5,5
2001,100.9,2,181.4,5
2003,49.6,2,298.6,5
2002,128.4,4,412,5
2001,209.4,4,556.8,5
2003,690.7,10,1893.4,5
2002,386.3,10,1422.5,5
2001,-31.1,1,65.1,5
2003,1043.7,12,2536.4,5
2002,-21.8,1,79,5
2003,157,3,531.4,5
2001,504.9,10,1278.8,5
2003,249.7,3,624.3,5
2002,578.5,11,1621,5
2003,5143,54,11538.9,5
2001,-5,1,72.4,5
2003,3531.4,60,10635.6,5
2002,29.9,2,208,6
2003,397.5,13,1989.7,6
2003,254.1,2,545.4,6
2003,1853.1,21,4280.2,6
2002,32.1,1,129,6
2001,35.1,1,118.2,6
2003,2447.1,49,8257,6
2003,233.2,8,1257.2,6
2003,208.9,2,490.8,6
2002,53.3,1,169,6
2001,126.3,2,309.6,6
2003,671.8,8,1622.8,6
2002,95.9,2,304.2,6
2001,-5.1,1,90.7,6
2003,472.2,8,1440.6,6
2002,-24.7,4,356,6
2003,-27.2,1,86.5,6
2001,310.9,6,835.4,6
2003,573.3,7,1526.9,6
2002,1201.5,20,3142,6
2001,246.9,6,846.3,6
2003,4254.5,53,10462,6
2002,1066.9,21,3243.2,6
2001,51.5,3,308.8,6
2003,2637.4,46,8165.8,6
2002,161.8,6,674,6
2003,195.3,10,1390.7,6
2003,381.3,3,818,6
2003,1570.1,15,3445.2,6
2003,1976.5,31,5697.8,6
2003,235.7,7,1098.4,6
2001,91.3,3,319.8,6
2003,254.3,2,545.3,6
2002,207.3,8,912,6
2003,1551.8,17,3563.9,6
2001,-3.9,4,335.4,6
2003,1197.4,28,4607,6
2002,-41.6,7,603,6
2003,635.2,7,1569.2,6
2001,27,1,182.3,6
2003,-42.1,3,457,6
2003,27,1,217.9,6
2002,82.7,1,269,6
2001,271.8,3,739.2,6
2003,-73.1,2,282.5,6
2002,263.9,4,995.3,6
2001,49.5,2,273,6
2003,90.4,4,596,6
2003,85.8,2,370.2,6
2002,135.4,1,269,6
2001,352.3,3,689.9,6
2003,6.6,1,141.3,6
2002,443.8,4,1022.2,6
2001,52.4,2,300.5,6
2003,47.9,2,328,6
2001,421.4,3,739.2,6
2003,58,1,217.9,6
2002,495.8,4,1076,6
2001,121.5,1,246.4,6
2002,333,3,807,6
2003,0.4,1,129,6
2001,140.1,1,246.4,6
2002,379.8,3,807,6
2001,119.4,4,591.3,6
2002,341.9,6,1183.5,6
2001,-51.6,2,208.9,6
2003,89.1,5,815,6
2001,274.8,2,492.8,6
2003,149.1,3,642.9,6
2002,864.7,7,1883,6
2001,235.4,3,640.6,6
2003,-16.1,1,141.3,6
2002,1275.1,13,3389.4,6
2003,157.5,5,875,6
2001,232.6,2,443.5,6
2002,568.9,5,1291.2,6
2001,235.4,2,492.8,6
2003,-52.7,1,86.5,6
2002,768.8,8,2041.9,6
2003,77,2,338,6
2002,263.3,2,538,6
2001,350.2,3,689.9,6
2003,84.4,2,370.2,6
2002,523.6,5,1243.8,6
2001,231.8,7,1102.1,6
2003,267.8,14,2156,6
2003,99,4,696.5,6
2002,295.7,3,710.2,6
2001,1086.8,8,1971.2,6
2003,-93.9,3,391,6
2002,2308.2,21,5347.6,6
2001,259.7,2,492.8,6
2002,611.5,5,1345,6
2001,564.1,5,1232,6
2002,606.5,6,1614,6
2001,63.8,1,182.3,6
2003,66.8,2,338,6
2001,288.4,2,492.8,6
2002,263.4,2,538,6
2001,127.3,1,246.4,6
2002,478.9,5,1221.2,6
2001,-0.5,5,499.3,6
2003,97.7,12,1388,6
2001,1040,11,1803.1,6
2002,2827,38,6544.4,6
2001,412.1,9,1182.6,6
2003,55.6,4,510.3,6
2002,1318.7,26,3864,6
2001,1198,11,2303.8,6
2003,-82.5,5,498.2,6
2002,2699.6,26,6085.5,6
2001,238.4,5,700.8,6
2003,158.1,13,1497,6
2001,-19.5,1,72.4,6
2003,216.8,10,1342.8,6
2003,-40.3,3,281.4,6
2002,121.2,1,249,6
2001,650.2,10,1603.2,6
2003,607.1,13,2057.2,6
2001,796.6,10,1546.4,6
2002,2058.1,29,4902.5,6
2001,1123.5,11,2124.3,6
2003,215.1,4,729.6,6
2002,2014.2,26,4894.4,6
2001,1268,10,2281,6
2003,-13.3,2,173,6
2002,2217.6,20,4830,6
2001,33.7,3,317.9,6
2003,92.7,7,823,6
2002,173.8,2,358,6
2001,402.2,4,775,6
2003,62.4,1,185.1,6
2002,1091.1,12,2559.5,6
2001,380.3,3,684.3,6
2003,-48.1,3,281.4,6
2002,1333.1,12,2913.3,6
2001,191,5,673.3,6
2003,213.8,12,1533,6
2001,58.7,2,195.8,6
2002,480.9,7,1102.6,6
2001,310.6,4,683.4,6
2003,163.6,3,556.3,6
2002,685.4,8,1667.3,6
2001,341,3,638.7,6
2003,8.9,1,130.3,6
2002,842.5,9,1986.5,6
2001,422.4,24,2680.4,6
2003,633.6,39,4761,6
2001,2182.1,28,4366.2,6
2002,3457.9,48,8176.6,6
2001,1309.5,17,2660.3,6
2003,906.5,16,2895.3,6
2002,3841.1,43,8713.3,6
2001,3183.7,25,5702.4,6
2003,-252.8,19,1840.6,6
2002,4314.2,38,9337.5,6
2001,146,5,627.5,6
2003,538,21,2870,6
2001,3134.9,42,6417.2,6
2003,5.8,1,79,6
2002,3859,54,9104.3,6
2001,2241,26,4502.4,6
2003,339.1,5,991.1,6
2002,3089.3,44,7912.3,6
2001,538.6,5,1044.6,6
2003,36.3,7,791.7,6
2002,1319.9,13,3007.8,6
2001,13.3,4,390.3,6
2003,103.3,10,1174.9,6
2001,185,2,328,6
2002,422.5,5,895,6
2001,380.7,3,684.3,6
2003,-27.5,2,187.4,6
2002,780.3,7,1673,6
2001,766.8,6,1368.6,6
2003,-85.7,5,476.3,6
2002,1163.6,10,2490,6
2001,651,22,2885.6,6
2003,1057.3,49,6554.1,6
2001,1369.3,17,2568.3,6
2003,-47.9,3,228,6
2002,5856.5,78,13374.4,6
2001,1304.1,20,2740.1,6
2003,1124.3,17,3266.5,6
2002,3598.6,48,8788.3,6
2001,3679.3,30,6711.3,6
2003,-478.3,17,1496.8,6
2002,6159,59,13857,6
2001,16,13,1245.4,6
2003,121.1,17,1905.6,6
2001,303.8,4,605.5,6
2002,1220.6,17,2897.9,6
2001,1141.1,18,2640.2,6
2003,261.5,6,1001.4,6
2002,1283.4,27,3903,6
2001,970.1,9,1870.4,6
2003,-145.9,8,705.3,6
2002,1672,16,3734.8,6
2001,37.3,4,400.4,6
2003,2,9,845.2,6
2001,1554.5,21,3252.4,6
2002,2543,35,5980.5,6
2001,402.2,9,1082.8,6
2003,61.9,1,185.1,6
2002,1403.6,26,3946,6
2001,1580.6,14,2987,6
2003,-25.3,2,173,6
2002,2050.6,20,4635.7,6
2003,160.6,3,448,6
2001,149.1,1,228.1,6
2003,175.9,3,490.6,6
2002,812.9,7,1573.6,6
2001,600.8,6,1072,6
2002,400.3,4,821.7,6
2001,298.2,2,456.2,6
2002,734,6,1394.4,6
2002,136,1,249,6
2001,149.1,1,228.1,6
2002,462.2,4,896.4,6
2001,506,4,821.1,6
2002,544.8,4,996,6
2001,131.9,1,210.8,6
2002,801.5,6,1475.1,6
2001,410.7,3,647.6,6
2002,721.5,6,1379.3,6
2001,745.5,5,1140.4,6
2002,1361.7,10,2490,6
2001,415.3,4,729.9,6
2002,882.3,8,1742.8,6
2001,49.2,1,127.3,6
2003,44.9,1,139,6
2001,447.3,3,684.3,6
2003,49.2,1,152.2,6
2002,953.2,7,1743,6
2001,699.8,5,1094.7,6
2002,1101,9,2091.4,6
2003,1,1,79,6
2001,149.1,1,228.1,6
2003,-109,0,-131.4,6
2002,272.4,2,498,6
2001,447,3,684.3,6
2002,564.9,5,1105.6,6
2001,98.4,2,254.7,6
2003,89.9,2,278,6
2001,591.2,5,984.8,6
2003,103.7,1,217.9,6
2002,1097.1,10,2170.6,6
2001,700,5,1094.9,6
2003,-5.3,1,86.5,6
2002,911.5,7,1693.2,6
2001,117.5,2,273.9,6
2003,107.3,2,299,6
2001,149.1,1,228.1,6
2003,13.8,1,109.5,6
2002,817.1,6,1494,6
2002,503.1,4,946.2,6
2003,-20.7,1,60,6
2002,272.4,2,498,6
2001,446.9,3,684.3,6
2002,638.7,5,1195.2,6
2001,310.3,3,592.7,6
2003,899.5,9,2066.6,6
2002,730.1,9,1791,6
2001,1727,21,3959.5,6
2003,2655.7,29,6153.5,6
2002,662.3,13,2387,6
2001,-40.5,3,272.1,6
2003,-93.5,5,455,6
2002,-215,10,760,6
2001,-36.2,1,54,6
2003,1506.8,15,3574.2,6
2003,228.4,3,606.5,6
2001,192.6,2,387.8,6
2003,1816.7,25,4830.6,6
2001,55.3,1,154.8,6
2003,624.2,10,1801.1,6
2003,1302.4,18,3665.5,6
2001,308.6,3,592.7,6
2003,434.2,7,1343.2,6
2002,306.9,4,796,6
2001,1151.2,16,2863.3,6
2003,1492.4,19,3834.6,6
2002,579.5,10,1930,6
2001,11.7,2,212.7,6
2003,542.3,14,2197,6
2002,-64.5,8,732,6
2003,1288,13,3081.4,6
2001,212,3,473.6,6
2003,580.8,10,1754.3,6
2001,559.7,8,1368.3,6
2003,1023.5,14,2704.5,6
2002,548.2,13,2189,6
2001,302.2,11,1192.7,6
2003,354.7,10,1518.9,6
2002,7355.4,186,24209.3,6
2001,1770.7,17,3099.1,6
2003,558.7,10,1808.2,6
2002,2770.8,29,5771,6
2001,672.7,7,1294.7,6
2003,966.8,11,2280.3,6
2002,503,8,1488.6,6
2001,629.3,8,1427,6
2003,1555.5,21,4082.3,6
2002,413.8,7,1342.7,6
2001,539.8,13,1563.6,6
2003,169.8,10,1260.5,6
2002,3609,83,11208.2,6
2001,65.5,1,145.8,6
2003,1121.5,14,2956.2,6
2002,523.6,7,1231.9,6
2001,2729.5,31,5550.2,6
2003,1430.5,24,4350.2,6
2002,3291,40,7960,6
2001,3337.1,41,7532.4,6
2003,6465.4,73,15493.6,6
2002,1631.7,28,5152.3,6
2001,-53.3,4,317.1,6
2003,908.1,25,3886,6
2002,-85.5,8,672,6
2003,4190.1,43,10014.4,6
2001,1156.8,13,2405.9,6
2003,1643.2,22,4413.1,6
2002,1789.9,22,4308.2,6
2001,1145,28,3870,6
2003,2254.3,30,5841,6
2002,1263.3,32,4872.3,6
2001,17390.3,421,49264.1,6
2003,1156.2,45,6160.9,6
2002,24447.2,644,82213,6
2001,210,2,364.6,6
2003,1773.9,23,4841.9,6
2002,57.7,1,150,6
2003,393.3,4,913,6
2001,228.4,2,423.6,6
2003,1133.3,12,2603.8,7
2002,149.4,2,378,7
2001,17.8,1,118.2,7
2003,401.6,7,1256.4,7
2003,474.4,4,1030.9,7
2001,2187.4,20,3920.7,7
2003,2868.3,36,7302.5,7
2002,4107.9,49,9751,7
2001,3509.7,47,8190.8,7
2003,5202.6,66,13231.9,7
2002,2275.2,52,8146.8,7
2001,-75.2,38,3301.6,7
2003,1504.1,33,5356.7,7
2002,418.8,60,5778.2,7
2003,3539,39,8718.8,7
2001,842.6,8,1595.8,7
2003,914.7,12,2472,7
2002,1760.6,22,4348.2,7
2001,1587.1,23,3898.5,7
2003,2608.3,31,6449.5,7
2002,1075.8,23,3795.8,7
2001,8399.4,197,23318.9,7
2003,449.2,10,1643.5,7
2002,10876.6,258,34236,7
2001,108.1,1,182.3,7
2003,1722.6,16,3952.6,7
2002,61.4,0,74,7
2001,1559.5,26,3677.3,7
2003,1905.5,42,5930,7
2002,1643.7,20,3920.4,7
2001,1244.3,26,3674.8,7
2003,1593.3,40,5791.5,7
2002,1063.5,24,3969.2,7
2001,2648.8,65,7790,7
2003,1497.6,31,4827.1,7
2002,11413.4,258,34924.6,7
2001,3580.9,70,8964.2,7
2003,1019.5,31,4315.2,7
2002,4821.1,117,15464,7
2003,2529.4,30,5298.7,7
2003,10193.9,154,22539,7
2003,11343.6,255,31526.5,7
2003,3898.9,97,11744.2,7
2003,186.7,3,440.7,7
2003,2811.7,44,6161.7,7
2003,3562.1,105,11530.9,7
2003,1397.7,35,4188.6,7
2003,557.9,9,1300.9,7
2003,6497.1,100,14472.4,7
2003,6759,116,16433.9,7
2003,1476.9,20,3175.7,7
2003,211.4,4,537.8,7
2003,4532.4,80,10620.5,7
2003,4906.5,121,14414.3,7
2003,1619.4,31,4101.3,7
2003,698.7,12,1705.6,7
2003,2407.1,43,5701.3,7
2003,3361.1,90,10274.1,7
2003,1100.5,25,3126.5,7
2003,1996,25,4221.3,7
2003,15755.2,241,34776.2,7
2003,18074.6,388,48958.6,7
2003,5831.7,123,15874,7
2003,1490.2,17,3058.5,7
2003,10320.3,152,22621.4,7
2003,10950.3,261,31586.1,7
2003,2681.1,63,7756.3,7
2003,645.5,8,1364.7,7
2003,5135.9,79,11430,7
2003,6776,152,18794.3,7
2003,1868.8,50,5914.1,7
2003,7203.6,91,15379.2,7
2003,32188.7,472,70460.7,7
2003,34237.5,749,94081.1,7
2003,9231.9,196,25267,7
2003,488.1,6,1022.8,7
2003,4776.2,76,10618.7,7
2003,4414.1,111,12960.8,7
2003,3102.5,59,7878.9,7
2003,701.5,9,1490.4,7
2003,3899.4,61,8632,7
2003,3857,97,11267.4,7
2003,1561.7,39,4589.3,7
2001,310.8,6,956.4,7
2003,336.9,8,1342,7
2003,207.1,4,762.1,7
2001,240,2,456.2,7
2003,161.7,4,707.4,7
2002,396.9,4,946,7
2001,151.6,4,582.6,7
2003,563.1,11,1969,7
2003,465.1,7,1459.6,7
2001,120,1,228.1,7
2003,57.6,2,326.3,7
2002,692.7,8,1773.1,7
2001,681.8,10,1759.2,7
2003,451,7,1363,7
2003,493.9,7,1492.5,7
2002,171.6,3,557.4,7
2001,29,1,136.5,7
2003,274.9,6,1034,7
2003,150.5,3,566.2,7
2003,29,1,163.2,7
2002,506.4,5,1195,7
2001,74.4,1,182.3,7
2003,432.1,9,1575,7
2001,360,3,684.3,7
2003,161.2,4,707.4,7
2002,616.1,6,1444,7
2001,263.8,6,910.6,7
2003,770.8,19,3156.5,7
2003,485.2,8,1611.8,7
2001,240,2,456.2,7
2003,41.1,3,434.8,7
2002,657.4,6,1494,7
2001,408.8,6,947.5,7
2003,373.4,6,1034.4,7
2003,273.6,5,969.6,7
2001,360,3,684.3,7
2003,135.2,1,163.2,7
2002,945,9,2191,7
2001,252.3,4,683.4,7
2003,352.4,8,1362,7
2003,326.4,5,1034.8,7
2002,444.6,5,1120.5,7
2001,2031.7,26,4840.2,7
2003,1283.7,20,3890,7
2003,1107.3,16,3387.9,7
2001,518.7,5,1058.4,7
2002,1578.5,17,3893.4,7
2001,660.3,10,1740.4,7
2003,535.2,9,1701,7
2003,195.4,3,620.9,7
2001,240,2,456.2,7
2002,396.6,4,946,7
2001,168.7,3,491.9,7
2003,411.1,8,1432,7
2003,58,2,326.3,7
2002,396.9,4,946,7
2001,3972.4,46,8047.2,7
2003,6170.3,83,15473.8,7
2001,1172.3,26,3467.5,7
2003,1090.4,32,4529.2,7
2002,783.8,10,1949.5,7
2001,1177.9,22,3096.9,7
2003,2869.7,53,8922.7,7
2002,4969.2,55,10697.8,7
2001,8501.4,84,15004.7,7
2003,3068.7,55,9791.4,7
2002,15512.4,171,33175.4,7
2001,2886.9,31,5467.8,7
2003,5371.4,72,13025,7
2001,931.3,15,2371.6,7
2003,2410.2,38,6894.2,7
2001,-12.9,6,690.7,7
2003,3370.9,57,9872.1,7
2001,5752.3,57,10298.6,7
2003,3206.9,40,8317.2,7
2002,11563.9,133,25212.6,7
2001,3513.2,39,6857.7,7
2003,3457.9,44,8368.4,7
2001,867.9,18,2554.7,7
2003,858.2,25,3574.9,7
2002,408.1,5,994.4,7
2001,4953.9,51,8847.6,7
2003,2149.5,42,7002.8,7
2002,9306.6,99,19341,7
2001,6615.3,66,11708.8,7
2003,1357.6,19,3781.2,7
2002,22477.9,244,47370.1,7
2001,1463.9,20,3242.9,7
2003,3331.4,56,9345.3,7
2001,494.3,7,1203.5,7
2003,1226.6,24,3895.6,7
2002,40.3,1,149,7
2001,2469.6,36,5394.5,7
2003,2649.8,49,8366.4,7
2002,3833,48,8645.7,7
2001,4938.3,59,9509.3,7
2003,958.2,26,4142,7
2002,9044,114,20478.6,7
2001,2852.3,33,5667.7,7
2003,4475.6,66,11892.1,7
2001,482.4,10,1458.5,7
2003,1440.3,35,5259,7
2002,166.4,3,502.1,7
2001,3121,39,6191.4,7
2003,1635.3,37,5622.7,7
2002,5968.2,70,12991,7
2001,7908.2,83,14221.5,7
2003,1913.7,35,6292.2,7
2002,13487.9,150,28673,7
2001,6592.4,83,14154.8,7
2003,10551.6,160,28942.8,7
2001,2184.3,43,6194.6,7
2003,2887.7,68,10370.4,7
2002,1176.5,15,2873.5,7
2001,5680.3,61,10998.7,7
2003,4276.3,87,14403.1,7
2002,13683.4,148,29227.4,7
2001,22759.5,232,40495.1,7
2003,3759.3,76,13284,7
2002,36235.1,404,77666.8,7
2001,5182.8,68,11337.9,7
2003,8311.7,125,22358.3,7
2001,1749.9,23,3852.8,7
2003,3337.9,63,10340.2,7
2002,1325.8,19,3432,7
2001,4047.7,77,10303.9,7
2003,4610.4,98,16188.3,7
2002,7274.3,126,19044.2,7
2001,11258.2,96,19139,7
2003,4293.1,64,12348.4,7
2002,23242.9,231,48359.6,7
2001,1641.9,18,3108,7
2003,2437.8,32,5768.5,7
2001,488.5,7,1133.9,7
2003,734.5,11,2079.1,7
2002,244.8,3,597,7
2001,1330.4,14,2368.9,7
2003,1843.9,26,4830.7,7
2002,3211.8,37,6813,7
2001,5813.3,55,10147.8,7
2003,338.5,6,1011.8,7
2002,11398.6,121,24059.5,7
2001,10081.9,120,20859.2,7
2003,13371.5,189,35646.3,7
2001,3876.9,82,11752.1,7
2003,5005.9,106,17135.4,7
2002,2464.9,32,6076.9,7
2001,6431,100,14304.8,7
2003,7090.7,122,21398.7,7
2002,18339.8,218,40419,7
2001,21779.1,205,38024.4,7
2003,8845.4,125,24897.3,7
2002,52128.7,566,111104.4,7
2001,4704.9,64,10643.9,7
2003,5481.4,103,17250,7
2001,1850.5,32,5015.1,7
2003,2703.2,57,9272,7
2002,1335.7,18,3360.7,7
2001,3852.6,60,8505.2,7
2003,2398.4,51,8315.2,7
2002,10239.5,127,22781,7
2001,10083.7,96,17664.3,7
2003,3732.8,70,12560.4,7
2002,24117.6,250,50584.3,7
2001,3374.1,44,7138.6,7
2003,5297.9,78,13845.4,7
2001,1379.5,20,3287.6,7
2003,2129.1,41,6812.5,7
2002,900.1,12,2250,7
2001,5827.3,64,11003.3,7
2003,1732.6,37,6173.3,7
2002,12197.7,138,26353.8,7
2001,14322.7,146,25341.5,7
2003,2376.9,41,7425.7,7
2002,22469.9,255,48275.6,7
2001,106.5,1,182.3,7
2003,1030.8,23,3483.5,7
2001,1007.3,12,1914.1,7
2003,8344.4,108,18348.1,7
2003,7118.7,119,16908.4,7
2003,3620.1,44,8296.1,7
2003,1241.2,21,3366.1,7
2001,1072.2,16,2278.6,7
2003,6918.9,92,15127,7
2001,43,1,118.2,7
2003,6808.2,121,17136.4,7
2003,2040.1,27,4529.2,7
2003,1718.4,21,3654.5,7
2001,745.6,7,1276.1,7
2003,9216.6,114,19130.4,7
2001,43,1,118.2,7
2003,7511.3,120,17543.3,7
2003,2186.4,23,4619.4,7
2003,525,13,1947.1,7
2001,535.9,8,1139.3,7
2003,2836.5,46,7042.5,7
2001,31.6,2,181.4,7
2003,4208.8,87,11510.6,7
2003,1691,23,4015.8,7
2003,502,9,1397.4,7
2001,335.7,4,638.1,7
2003,4174.6,62,9701.1,7
2001,43,1,118.2,7
2003,4537.9,93,12281.8,7
2003,1258.4,25,3586.6,7
2001,106.5,1,182.3,7
2003,3365,54,8695.3,7
2001,1510.5,24,3319.6,7
2003,21432,275,46066.9,7
2001,101.8,3,327,7
2003,13542.2,225,32209.5,7
2003,7639.5,89,17332.2,7
2003,2451.5,41,6743.8,7
2001,762,8,1367.1,7
2003,8422.4,115,19131.7,7
2001,337.2,7,863.7,7
2003,9343.6,191,25740.1,7
2003,2951.2,44,7388.1,7
2001,106.5,1,182.3,7
2003,811.9,15,2306.8,7
2001,458.4,6,911.5,7
2003,8530.5,113,18313.1,7
2003,6846.9,105,15984.2,7
2003,2697.4,32,5965.6,7
2001,319.6,3,546.9,7
2003,5763.4,83,14601.7,7
2001,1136.9,15,2269.4,7
2003,29766.9,392,65413.8,7
2001,282.8,7,808.9,7
2003,20259.7,352,50270.3,7
2003,7865.9,95,17970.1,7
2003,1033.8,14,2511.2,7
2001,561.3,9,1239.6,7
2003,7683.4,100,16643.7,7
2003,7545,138,19015.7,7
2003,2387.2,41,6405.4,7
2003,359.1,8,1186.1,7
2001,603,6,1057.3,7
2003,5291.5,76,11937.1,7
2001,86,2,236.4,7
2003,7249,130,17885.8,7
2003,2101,31,5196.5,7
2001,507.1,5,952.4,7
2003,8870.2,139,21363.2,7
2002,368.7,7,1117.7,7
2001,1023.6,10,1920.6,7
2003,7267.2,106,18511.8,7
2001,145.9,5,600.1,7
2003,3084.9,76,10783.3,7
2001,189.2,2,364.6,7
2003,9069.2,133,22950.7,7
2002,692.1,8,1592,7
2001,387.6,5,829,7
2003,7245.9,111,17367.7,7
2001,1259.6,11,2258.1,7
2003,5391.3,77,13461.9,7
2001,29.8,1,118.2,7
2003,2700.5,61,9107.1,7
2001,450.1,6,980,7
2003,7080.2,98,17141.4,7
2002,668.1,9,1666.8,7
2001,643.4,7,1257.8,7
2003,7152.7,99,16468.3,7
2002,233.1,6,804,7
2001,540.6,6,1078.9,7
2003,5437.8,75,13041.9,7
2001,-13,1,77.4,7
2003,1692.7,36,5278.5,7
2001,216.3,3,481.3,7
2003,6325,83,14891.3,7
2002,294.5,5,833.6,7
2001,469,6,983.9,7
2003,4373.9,76,11065.2,7
2002,234,5,745,7
2001,1156.3,11,2148.5,7
2003,6713.1,95,16509.1,7
2001,27.9,1,118.2,7
2003,3096.3,56,9188.6,7
2002,-26.2,1,50,7
2003,5288.7,70,12484.5,7
2002,341,5,883.6,7
2001,623.3,11,1535.2,7
2003,5637.5,93,14335.9,7
2002,394.6,12,1522.7,7
2001,898.8,8,1624.4,7
2003,6008.2,85,15057.1,7
2001,27.3,1,116.9,7
2003,1852.1,68,8666.4,7
2001,93.8,1,182.3,7
2003,5937.5,87,15110,7
2002,309.7,4,756,7
2001,1428.9,21,3256.3,7
2003,16333.6,255,39199.7,7
2002,274.7,10,1240,7
2001,2604.5,26,4952.7,7
2003,14556.2,210,36726,7
2001,65.5,5,517.6,7
2003,4718,129,17600,7
2001,1137.3,12,2187.5,7
2003,16473.1,244,41013.9,7
2002,1905,22,4378,7
2001,1533.8,15,2868.6,7
2003,12231,170,28736.1,7
2002,219.8,7,889.2,7
2001,1440,14,2700.4,7
2003,9941.5,154,25897.6,7
2001,382,7,992,7
2003,4166.8,116,16361.1,7
2002,-9.4,2,158,7
2001,283.6,3,546.9,7
2003,12185.8,169,29826.8,7
2002,777.1,9,1791,7
2001,94.3,1,182.3,7
2003,3531.1,54,8109.6,7
2002,291.4,8,1063,7
2001,914.2,7,1551.1,7
2003,4849.8,62,11508.9,7
2003,1554.6,30,4657.8,7
2001,596.4,7,1210.4,7
2003,4833.7,65,11385.9,7
2002,891.3,11,2117.4,7
2001,1676.5,24,3710.6,7
2003,19331.2,288,46800,7
2002,1261.3,25,3759.7,7
2001,4203,42,7969.7,7
2003,20739.8,300,52621.3,7
2001,389.3,11,1382.3,7
2003,8489.9,207,30006.1,7
2001,1046.3,12,2095.9,7
2003,19449.1,278,47982.4,7
2002,2080.4,25,4875,7
2001,444.7,5,893.2,7
2003,7104.4,113,17728.4,7
2002,99.6,7,733,7
2001,1638.4,17,3169.6,7
2003,10339.6,140,25711.2,7
2001,66.1,1,154.8,7
2003,2523.3,78,10692.5,7
2001,404.1,5,845.9,7
2003,10200.2,129,24296.2,7
2002,824.3,11,2045.8,7
2001,1545.1,14,2790.3,7
2003,7603.1,114,17870.6,7
2002,300.4,8,1082,7
2001,1110.9,13,2286.7,7
2003,6233.9,94,15627.7,7
2001,130.2,2,309.6,7
2003,3075.4,87,12210.7,7
2001,95.3,1,182.3,7
2003,8124.1,119,19913.7,7
2002,462.8,6,1122.4,7
2001,25.6,1,102.6,7
2003,701.1,23,2743.8,7
2003,1786.8,17,3333,7
2001,564.1,8,1182.7,7
2003,1399.9,51,5868,7
2002,1271.4,20,3199.4,7
2001,1561.8,20,3096,7
2003,1117.3,25,3367.1,7
2002,3366.5,53,8469.8,7
2001,139.7,11,979.3,7
2003,489.1,22,2395.8,7
2001,-4.4,1,72.4,7
2003,1032.1,12,2118,7
2003,1330.6,29,3871.2,7
2001,632.4,9,1321.8,7
2003,301.7,5,750.1,7
2002,1474.9,27,4027.9,7
2001,69.1,6,525.9,7
2003,178.9,16,1544,7
2003,2543.8,28,4983.7,7
2001,537.6,7,1083.6,7
2003,1339.7,25,3714.9,7
2002,852.1,12,2028,7
2001,1548.5,20,3096,7
2003,1171.1,12,2308.4,7
2002,2197.5,35,5565,7
2001,114.8,8,725.5,7
2003,514.5,17,1999.7,7
2003,1577.3,16,3006.7,7
2001,309.2,4,619.2,7
2003,1571.2,42,5335,7
2002,426,6,1014,7
2001,1089,14,2167.2,7
2003,749.9,10,1675.3,7
2002,2753.7,42,6815,7
2001,94,9,780.1,7
2003,335.9,14,1544.3,7
2003,1626.7,19,3244.3,7
2003,976.8,27,3226.6,7
2002,827.4,12,1998.9,7
2001,776.1,10,1548,7
2003,1433.8,20,3233.8,7
2002,1466.7,24,3766,7
2001,349.6,27,2412,7
2003,1298.6,56,6157.4,7
2003,3340.8,32,6188.5,7
2001,311.1,4,619.2,7
2003,4104.6,119,14762.5,7
2002,991.6,14,2361.6,7
2001,1187.1,15,2340.3,7
2003,696.8,18,2367.3,7
2002,2728.9,39,6532.1,7
2001,578.1,17,1877.4,7
2003,918.3,27,3335.3,7
2003,2510.2,25,4790.5,7
2001,1100.8,15,2245.1,7
2003,2183.2,47,6302.6,7
2002,2233.6,33,5449,7
2001,1011,13,2012.4,7
2003,1585.4,27,4021.9,7
2002,2418.7,35,5830.5,7
2001,84.1,7,616.6,7
2003,365.3,22,2256.9,7
2003,1655.2,17,3151.9,7
2003,1256.7,37,4412.9,7
2002,140.9,2,338,7
2001,864.9,12,1785.1,7
2003,779.6,23,2830.9,7
2002,998,16,2534.6,7
2001,862.4,36,3613.1,7
2003,1365.9,73,7706.1,7
2003,7880.7,85,15598.2,7
2001,781.4,10,1548,7
2003,11594.2,220,31412.9,7
2002,1632.1,23,3887,7
2001,4622.8,63,9467.2,7
2003,2289.3,63,8132.6,7
2002,6334.1,99,15881.3,7
2001,231.3,18,1604.9,7
2003,198.7,24,2236,7
2003,2744.3,29,5337.7,7
2001,465,6,928.8,7
2003,2239.3,66,8161.8,7
2002,922.5,13,2197,7
2001,1094.8,14,2167.2,7
2003,937.6,15,2326.8,7
2002,2588.1,39,6366.5,7
2001,303,21,1904.5,7
2003,316.3,24,2376,7
2003,1592.5,17,3114,7
2001,1002.5,13,2012.4,7
2003,1852.3,53,6571.2,7
2002,1623.8,23,3887,7
2001,1361.3,18,2740.6,7
2003,346.7,10,1215.4,7
2002,3329.7,52,8338,7
2001,68.2,1,154.8,7
2003,1300.1,19,3409,7
2003,8225.2,114,18487.3,7
2001,390.9,3,666,7
2003,9142.1,171,23315.6,7
2002,653.3,6,1414,7
2001,1231.3,10,2130.5,7
2003,1996.6,41,5705.2,7
2002,1609.5,14,3268.8,7
2003,677.2,11,1781.8,7
2003,4365.1,58,9654,7
2003,5550.7,154,17668.4,7
2003,1424.2,40,4851,7
2003,1136.4,12,2490.2,7
2003,7139.9,96,15786.1,7
2001,249.2,2,437.9,7
2003,5804.7,120,15223.1,7
2002,796.9,7,1633.4,7
2001,981.4,8,1714.9,7
2003,1232.5,12,2615,7
2002,1112.2,10,2320.2,7
2003,241.6,3,489.5,7
2003,4148.6,55,9178.9,7
2001,563.9,4,912.4,7
2003,4760.3,114,13627.1,7
2002,997.7,9,2111.2,7
2001,316.7,3,574.8,7
2003,1646.8,26,4148.9,7
2002,742.1,7,1543.6,7
2001,100.2,2,273,7
2003,768.2,10,1905.9,7
2003,3461,53,8136.4,7
2001,216.6,2,419.6,7
2003,5223.8,121,14632.9,7
2002,556.5,6,1314,7
2001,241.1,3,519.3,7
2003,745.2,20,2493,7
2002,753.4,7,1573.2,7
2003,2417.5,28,5068.5,7
2003,19346.3,260,41888.9,7
2001,249.4,2,437.9,7
2003,16449.4,356,44433.8,7
2002,1495,13,3117,7
2001,2069.5,17,3564.7,7
2003,5175.1,85,13156.5,7
2002,2498.3,23,5111.4,7
2001,95.6,1,182.3,7
2003,2455.2,33,5858.8,7
2003,9285.3,123,20690.4,7
2003,12835.6,299,36424.5,7
2002,413.5,4,906.2,7
2001,1224.1,9,2007.3,7
2003,2094.3,52,6951.3,7
2002,1722.6,14,3346.2,7
2001,68.5,1,154.8,7
2003,968.5,14,2343.9,7
2003,6009.1,84,13083.9,7
2001,141.1,1,228.1,7
2003,8651.4,200,23486.8,7
2002,455,4,956,7
2001,267.4,2,419.6,7
2003,1991.2,45,5666.8,7
2002,362.1,3,677.2,7
2001,37.8,1,118.2,7
2003,5759.6,81,14225.6,7
2003,25511.3,365,56849.3,7
2001,498.3,4,875.8,7
2003,27468.4,607,74767.9,7
2002,1054.8,10,2290.4,7
2001,1278.7,11,2243.9,7
2003,5522.3,112,15290.6,7
2002,2021.2,19,4232.2,7
2001,268.4,3,528.6,7
2003,1362,18,3285.6,7
2003,6594.2,90,14456.7,7
2001,140.9,1,228.1,7
2003,8747.5,222,25654.5,7
2002,0,0,0,7
2001,95.7,1,182.5,7
2003,2047.7,46,5909,7
2002,780,8,1682.8,7
2003,413.3,6,1047.9,7
2003,3975.2,60,8935,7
2001,465.4,4,857.4,7
2003,8917.8,236,26515,7
2002,880.4,8,1892,7
2001,107.9,1,209.8,7
2003,1252,32,4049.5,7
2002,925,9,2041.4,7
2001,22408.4,292,45350.1,7
2003,68842.5,948,167610.5,7
2002,4299.8,82,11757.7,7
2001,12752.1,152,25340.2,7
2003,40265.2,534,98949.3,7
2002,955.2,15,2491.7,7
2001,10983.9,134,22244.4,7
2003,23572.9,388,67585.1,7
2002,25359.2,295,56915.4,7
2001,22076.3,225,40740.1,7
2003,49046,584,116060.5,7
2002,41913.1,482,94428.2,7
2001,27079.1,362,57128.8,7
2003,45969.5,663,115794,7
2001,26022.3,306,51984.9,7
2003,48958.9,626,117003.9,7
2001,3867,54,8584.2,7
2003,29364.3,413,77263,7
2001,11144.8,125,22158.4,7
2003,47229.6,593,114533.9,7
2002,22673.6,287,54971.2,7
2001,37441,494,77746.8,7
2003,47241.2,696,121251.9,7
2002,4967.8,84,12783,7
2001,43969.8,563,91874,7
2003,81213.5,1085,198380.5,7
2002,1445.3,18,3397.5,7
2001,21019.3,240,41307.5,7
2003,36681.5,556,101957.7,7
2002,40387.2,450,88757.1,7
2001,28137.5,288,52773.1,7
2003,64939.8,767,152647.6,7
2002,56475.3,636,126586.2,7
2001,17226.8,234,36411,7
2003,44501.1,652,112795.4,7
2002,1666.8,31,4559,7
2001,21892.2,280,45577.5,7
2003,46878.1,642,115943.7,7
2002,261,5,709.8,7
2001,17315,245,37545.6,7
2003,32637.7,483,88887.6,7
2002,26623.5,406,67469.9,7
2001,19363.1,199,36237.7,7
2003,45814.6,571,110699.7,7
2002,37240.3,423,83762.2,7
2001,20290.3,288,43893.1,7
2003,44047.9,674,114215.8,7
2002,2047.1,37,5483.7,7
2001,16222.7,238,35956.8,7
2003,38034.4,590,100487.2,7
2002,345.2,6,878.8,7
2001,15046.3,221,32866.2,7
2003,27310.5,450,78892.6,7
2002,29536.4,477,76998,7
2001,17173.1,189,33270.9,7
2003,41648.2,547,103812.7,7
2002,37301.3,451,86234.9,7
2001,48503.1,612,97986.6,7
2003,114543.7,1564,279612,7
2002,7219.4,118,18155,7
2001,50771.6,599,100401.8,7
2003,118671.8,1538,285420,7
2002,2520.1,32,5851.9,7
2001,22512.5,281,46009.1,7
2003,44696.7,722,125980,7
2002,46825.1,526,103088.9,7
2001,46964.5,472,86471.4,7
2003,121317.5,1412,284272.9,7
2002,88637.7,991,198226.1,7
2001,46416.1,616,96391.3,7
2003,91224.6,1278,226193.1,7
2002,3800.8,72,10346.5,7
2001,41195.4,511,84422.9,7
2003,92923.3,1256,228267.7,7
2002,1570.8,19,3603.6,7
2001,30124.4,469,68847.2,7
2003,49688,805,142346.4,7
2002,56879.7,995,154092,7
2001,46730.1,477,86575.1,7
2003,92650.7,1107,219580.2,7
2002,79699.9,896,177221.9,7
2001,21721.5,283,45101.3,7
2003,48706.8,656,117845.8,7
2002,2401.5,43,6337.4,7
2001,22015.5,269,44711.7,7
2003,45168,574,107675.9,7
2002,298.8,4,676,7
2001,8410.4,93,16098.3,7
2003,22049,289,55759.3,7
2002,17662.8,195,38403.8,7
2001,21676.8,236,42058.3,7
2003,42183.1,483,97645.3,7
2002,42421.8,498,97140.7,7
2001,72730.6,878,144594.6,7
2003,147098.3,1996,358896.6,7
2002,5344.8,92,13915,7
2001,57208.8,684,114370.9,7
2003,135489.3,1816,331984.5,7
2002,3767.9,53,9035.9,7
2001,31643.8,385,64358.4,7
2003,85346.4,1263,230766.8,7
2002,49998.1,561,110226.3,7
2001,77453,863,150162.4,7
2003,125364.2,1496,297151.1,7
2002,142509.6,1754,333741.7,7
2001,29729.6,375,59680.3,7
2003,66954.2,939,164631.5,7
2002,3490.9,62,9186,7
2001,27063.5,330,54150.5,7
2003,75897.8,1038,188343.4,7
2002,1599.2,19,3633,7
2001,26028.5,372,57351.3,7
2003,50755.1,773,139359.4,7
2002,43261.7,606,104604.2,7
2001,34099.9,344,62455.1,7
2003,69889,856,167582,7
2002,67837.4,759,151138.7,7
2001,21458.8,301,45342,7
2003,57599.8,864,146574.9,7
2002,2052.3,38,5504,7
2001,24637.5,297,48678.7,7
2003,53718.8,740,132257.2,7
2002,1000.8,15,2505.6,7
2001,20337.5,305,45143,7
2003,28402.5,482,81931.4,7
2002,34995.7,537,89113.6,7
2001,35510.6,430,71499.2,7
2003,53545,667,129003.5,7
2002,67128.4,900,163141.1,7
2001,32.8,13,1462.9,7
2003,748.3,34,4868,7
2003,9094.2,117,19403.6,7
2003,10909.3,280,34839.4,7
2001,1561.8,13,3273.3,7
2003,3271.5,120,14170.5,7
2002,3175,29,7971.3,7
2001,88.2,6,892.3,7
2003,436.1,12,1953,7
2003,2879.9,38,6233.2,7
2003,5601.5,151,18242.5,7
2001,138.7,1,273.9,7
2003,551.8,40,3944.2,7
2002,1098.2,11,2932.3,7
2001,214.1,9,1293.5,7
2003,2077.9,41,6832.4,7
2003,7500.8,93,15769.9,7
2001,550.2,4,912.4,7
2003,8552.6,171,24080.7,7
2002,629.3,5,1295,7
2001,1793.4,13,3423.3,7
2003,1693.8,20,3701,7
2002,3882.5,34,9421.7,7
2001,34.1,10,1090.1,7
2003,776.2,32,4890,7
2001,-42.8,1,90.7,7
2003,2504,35,5689.4,7
2003,5047.9,116,15378.8,7
2002,89.9,1,199.2,7
2001,1570.1,12,3140.6,7
2003,733.3,42,4903.5,7
2002,2956,28,7503,7
2001,76.5,10,1264.3,7
2003,503.9,22,3214,7
2001,-97.2,1,35.7,7
2003,1560.7,26,4014.3,7
2003,3827.7,119,14104.7,7
2002,305.3,3,647.4,7
2001,1390.8,11,2876.1,7
2003,342.2,33,3483.6,7
2002,2756.3,26,7124.2,7
2001,369.6,23,3185.1,7
2003,2889.9,75,11949,7
2002,5.3,1,99,7
2003,11140.6,134,23177.9,7
2003,15533.1,337,45089.2,7
2002,251.4,2,548,7
2001,5273,38,10316.5,7
2003,4688.4,145,18215.4,7
2002,9765.3,79,23173.8,7
2001,577.4,24,3358.2,7
2003,2862.8,55,9263,7
2001,-60.1,2,163.1,7
2003,4873.2,66,10932.8,7
2003,9251.4,221,28851.7,7
2002,308.4,3,707.3,7
2001,1876.6,15,3898.1,7
2003,819.1,52,5636.3,7
2002,4306.5,43,11372.5,7
2001,76.4,6,791.5,7
2003,1454.6,26,4472.4,7
2003,6268.4,80,13306.9,7
2003,9528.2,207,27584.6,7
2002,126.7,1,299,7
2001,1158.9,10,2463.9,7
2003,1536.5,46,5687.4,7
2002,1966.5,18,4857.1,7
2001,653.6,48,6267.5,7
2003,6950.6,158,24687.7,7
2001,68.5,1,159.7,7
2003,26565.1,336,56330.3,7
2001,143.7,1,228.1,7
2003,40124.4,985,124719,7
2002,469.9,4,1046.2,7
2001,4239.3,33,8645.3,7
2003,7206.7,279,32835.2,7
2002,9489.4,84,23454.9,7
2001,242.5,9,1311,7
2003,1261.3,29,4877,7
2003,6270.2,80,13389.2,7
2003,8314.1,198,25439.6,7
2002,126.7,1,299,7
2001,2472.2,25,5523.9,7
2003,2724.2,79,9724.6,7
2002,4107,40,10405.5,7
2001,583,18,2699.5,7
2003,965.3,31,4839.1,7
2001,-79.7,3,235.5,7
2003,5019.4,77,11844.7,7
2003,6054.2,166,20753.5,7
2002,445.7,4,971.3,7
2001,1737.8,14,3542,7
2003,1258.3,53,6183.9,7
2002,2267.2,21,5709.6,7
2001,20.8,1,118.2,7
2003,217.7,11,1539,7
2001,341.9,3,666,7
2003,202.1,4,762.2,7
2002,714.8,7,1643,7
2001,1341.3,12,2530.2,7
2003,55.7,4,565.1,7
2002,3988.3,39,9044.7,7
2001,72.4,1,182.3,7
2003,174.6,3,567,7
2001,419.6,4,839.1,7
2003,191.2,3,620.9,7
2002,1451.8,14,3286,7
2001,1037.1,9,1961.1,7
2002,3055,29,6901,7
2001,291.6,6,910.6,7
2003,392.3,9,1441,7
2001,220.4,2,419.6,7
2003,268.8,5,892.6,7
2002,962.2,9,2181,7
2001,1362.2,12,2695.1,7
2003,27.2,1,141.3,7
2002,2034.8,20,4694.8,7
2001,132.2,5,631.6,7
2003,120.6,5,689.5,7
2003,0.1,1,99,7
2001,718.1,7,1468.4,7
2003,86.6,4,591.9,7
2002,1041.5,11,2539,7
2001,691.7,6,1276,7
2003,0.1,1,108.4,7
2002,1402.7,14,3239.1,7
2001,284.9,3,601.9,7
2003,466.3,8,1452,7
2001,1640.6,14,3119.8,7
2003,348.9,5,1013.1,7
2002,2995.3,29,6955.2,7
2001,4661.9,40,8730.4,7
2002,7888.5,74,17637,7
2001,400.7,8,1275.2,7
2003,595.3,13,2177,7
2001,99.6,1,209.8,7
2003,503.1,9,1720.3,7
2002,1143.3,13,2852.2,7
2001,2279,20,4305.4,7
2003,30.8,2,282.6,7
2002,3725.2,36,8428.2,7
2001,134.4,3,455.3,7
2003,208.2,5,795,7
2001,220.4,2,419.6,7
2003,182.5,4,707.5,7
2002,942.7,9,2181,7
2001,865.7,8,1651.9,7
2002,1491.4,14,3297.3,7
2001,575.2,14,1976.1,7
2003,1186.7,38,5653,7
2001,0.1,1,90.7,7
2003,0.1,1,99,7
2001,2360.1,19,4461.8,7
2003,515.3,10,1861.7,7
2002,3944.6,36,8884,7
2001,5015.1,46,9693.3,7
2003,169.5,9,1271.5,7
2002,7728.3,76,17671.8,7
2001,149,3,446.1,7
2003,482.1,10,1690,7
2001,450.7,4,875.8,7
2003,294.8,6,1099.6,7
2002,942.7,9,2181,7
2001,1091.2,10,2058.5,7
2002,2703.1,27,6156.5,7
2001,623.8,12,1802.8,7
2003,408.8,10,1560,7
2003,356.4,6,1099.4,7
2002,886.4,9,2141,7
2001,1546.3,13,2873.6,7
2003,3.4,1,141.3,7
2002,2378.5,24,5527,7
2001,1676.7,21,3930,7
