d1,d2,d3,d4,d5,class
0.004843015053890759,0.198701587142613,-0.6476512815317783,0.4474806975595589,0.043641264201418034,0
-0.0568663528511304,0.05848860668641656,-0.5243885619693596,-0.7097072944656637,0.08279287635561244,0
-0.18040196151010265,0.2177008281827974,-0.40468294397645965,0.14358014829049495,0.2319104905530747,0
0.55139778396989,0.023800438801735352,-0.5569111354791764,-0.2538402679051916,0.32832421046666427,0
-0.28065698316916443,-0.1414751050642402,-0.8518832487071122,0.08346942341684586,0.26756275654822026,0
0.3946986546858239,0.07934230651499007,-0.8041526026841922,-0.3070564720209261,-0.09579013040380939,0
0.10723416601048022,-0.3835972371271751,-0.42428155291997827,0.14582175032471106,0.8024103487751242,0
0.27211522486547157,0.048030902376392744,-0.6883608148914225,-0.12334783603668847,-0.1597123909994522,0
0.34705936157335937,-0.1113357259750916,-0.9239931233985981,-0.08384178925029917,0.3125755021296195,0
-0.3249272738162707,0.08696697940025089,-0.32336733420935704,-0.13513468218837496,0.5931325180990548,0
0.41944635812260733,0.14936296275998417,-0.6430430484048192,-0.2608540421037507,0.35479394203686093,0
0.10760564752107016,0.21456388399748835,-0.6863092848447931,0.35285374249746926,0.3955162202735005,0
-0.24243701152939795,0.32911220830575677,-1.0318310846995158,0.04438831868959178,0.4239663181704821,0
-0.3095433476883707,-0.011864590344804011,-0.3122556519047471,-0.39856172358791275,-0.1242952415715696,0
-0.2627576470398109,0.3001398801613589,-0.7896377050146934,0.02695751337631276,0.05613548576050764,0
0.012850631378079735,-0.23344429714348622,-0.7879773964462531,0.12520176025812638,0.535689667696391,0
-0.04069279960461744,-0.09491550712165547,-0.5150677928558351,-0.22444204478389662,0.21208963824152574,0
-0.07191546223624429,0.022045777909265027,-0.9325705574698362,-0.0447566992070358,0.28809781831682063,0
-0.0637236104609114,0.011157291113006545,-1.0024632130576787,-0.33500333453819237,0.03662563245081296,0
0.08803898446517766,0.07737923496932765,-0.7492698278288853,0.4579873166030795,0.7485195029332751,0
-0.1305245362786185,0.38845057762418245,-0.2251905969218,-0.061488295287311104,0.26148587025186354,0
0.007662815202754136,0.20859126916206588,-0.9942013659998554,-0.5525171151334283,0.1655552846455621,0
-0.1376561270779561,-0.23603414065412623,-0.38732415757795946,-0.3988753943595505,0.22573665152338782,0
-0.2670892979448805,0.09583234370936095,-1.0205963871308,-0.04412401385697573,0.45098709205974796,0
-0.14328911230280897,0.3726286234850985,-0.6811818553704232,0.06857788018040321,0.24521864565020413,0
0.10587059898644605,-0.24155989120682558,-0.3764912405389139,0.5302579237322338,0.7705147668442389,0
-0.020088691243414336,0.5029207408846388,-1.0398577493013343,-0.43468014793531495,-0.14360671173062176,0
-0.27869658501906824,-0.012307875701521639,-0.39971729815495355,0.545573836285652,0.7015958906321172,0
-0.06228418357237206,-0.36825353778278885,-0.5818413306956829,0.5230582369006994,0.8328421699546852,0
-0.535659298699373,-0.2435123755573404,-0.48646607430865796,0.1595019916369743,0.4994217693266278,0
0.30594896076293604,0.04168412849741429,-0.8909646176435362,0.2212339757901476,0.36663723379802865,0
0.13612213125566403,0.03272142157953214,-0.6273075359124654,0.4663318823102521,0.22483755149991771,0
0.14166225962129225,0.0587252218606783,-0.9461150781058185,-0.14066549549377802,0.16671090861107593,0
0.059376940795875244,0.08160269407654372,-0.6704799294448558,-0.08392832868636593,0.0789491763284421,0
0.05961247360522126,0.10984555592449412,-0.7038185009957026,-0.029798020428822923,0.1231236157162706,0
-0.23893864375320384,-0.09890374687908789,-0.1664966284084901,-0.08091991697082003,-0.06820970010421175,0
-0.3319183715211335,0.18210977816902307,-0.8050405459884881,-0.12477611575339484,-0.4093824929151162,0
-0.005705108833009537,0.06336740507961651,-0.7641560912216662,0.34395469714950283,0.16856489237503208,0
-0.2514679405056506,-0.38778880307274377,-0.4397754358195243,0.26318281212340794,0.08146541521448548,0
-0.4335214901407205,0.5721749919013681,-0.8803138162698596,-0.2486420494909214,-0.5009029898637145,0
0.06417031556872835,0.03306839431529478,-0.3768065791357898,-0.13097819380222414,0.10198742465991793,0
0.3847980318759431,-0.2874552122901863,-0.8023343608872153,0.41945694445065823,0.30618736402517294,0
-0.10353172525922522,0.48570463559913724,-0.8929607861674822,-0.02852062212147355,0.3462302598306578,0
-0.1234016974168981,-0.10802223892963538,-1.002251069093381,-0.269854337942536,0.24576999603707966,0
0.3112980488970476,-0.1389615569168393,-0.6201897870867736,-0.21242094758811048,0.55905600574649,0
-0.19878353596897436,0.3131542308161747,-0.7950675723973464,-0.07129492688492753,0.08046414882766693,0
-0.144001981756258,-0.2268291367073059,-0.5330693011307015,-0.2114714396434207,-0.08382519787039033,0
0.5172057834498585,-0.061760418831080445,-0.5806727889756187,0.2949478612216764,0.5844562125161096,0
0.3522902936107911,0.020695661457041912,-0.15446328217509395,0.05099671624584906,0.19525291931223684,0
0.23259821761548855,0.0688171051181382,-1.0169468678380706,0.45650342269600086,0.9853156023188776,0
-0.30989617948921516,0.1240860202864876,-0.7151977973834407,-0.07728073551094616,-0.19186898248645723,0
-0.03751435882723275,0.19953294117560436,-1.161073530455927,-0.11818187740968665,0.07098223527414003,0
0.27608183057442803,0.2386084002957344,-0.9881241169476634,0.2478569032588303,0.1791729968780068,0
0.15848994019234516,0.06367502773822654,-0.42211092634123093,0.10659593854064936,0.41165372342109763,0
-0.03521865748102637,0.0846228759510886,-0.7530485204020861,-0.3096477581049567,-0.284010222263228,0
0.09720313510435785,-0.10619760898518406,-0.9723603352102805,0.24861894712476562,0.32514555423733355,0
-0.08554017501305011,0.5673459425449214,-0.6327155049376751,-0.2552898477602746,0.06962814843092348,0
0.5543239961070141,0.08973220805511399,-0.5105959656168859,-0.22054143059418482,0.607841761774319,0
-0.5554637548954435,0.2216793530557049,-0.793154731499489,-0.028072276057505285,0.18642307391374147,0
-0.248903982112362,0.07384187860369952,-0.41555331720634625,-0.32726601444577164,0.5337614033511524,0
-0.13421250778442123,-0.15677879983157145,-0.6545278185353318,-0.20244309564998617,0.26929053141326964,0
0.3598362345861859,0.36766648439659655,-1.076380037374958,-0.04958968274366782,-0.04681011375423791,0
0.35661532585511513,0.15608820236801393,-0.7798186869122244,-0.26585343505748193,0.3232358428808578,0
-0.2874344710697157,0.030634728870378557,-0.9659221454993018,-0.3296248427130913,0.26953658574139644,0
-0.28351034999757635,-0.23036702721036253,-0.40398434613092715,-0.23107592174248037,0.26328449455180375,0
0.12471004168578448,0.32367404015831097,-0.7041697799243222,-0.3621390937344722,0.5456713673030302,0
0.21767034425120718,0.197217715518727,-0.7802215154446235,0.2411120537366805,0.41797348568218906,0
-0.05665639694012764,0.23262182941606666,-0.6753200802043343,-0.12039540196679796,0.5016911867118716,0
0.05969697166325133,0.01768405568295568,-0.8066768634899293,-0.12889741420279405,0.719732099438968,0
0.018729017729041453,-0.1845695980359293,-1.0675297674763755,-0.09786741099368679,0.005380798172850358,0
-0.0685624639260225,0.0952060260984453,-0.5771441685619096,0.3786864088552598,0.3727623396558073,0
0.021176461590900753,0.1747673998499892,-0.5384048019374503,-0.32613916219001166,0.2255823734202305,0
-0.0380419616285107,0.04985914171864461,-1.0078399882571745,0.1718880589674537,-0.05596240096590669,0
-0.031662418974644835,-0.553265562285187,-0.8161144404315385,0.18753644812053044,0.18658749929968171,0
-0.19316521360580147,0.3563588415723421,-0.694376608037691,0.3391348888110068,0.3136200002500024,0
-0.05463134958646437,-0.018544844367021817,-0.4924761776297082,-0.004388321147424601,0.27614719118832065,0
0.25145049053036417,-0.3216980985947209,-0.8695382897964234,-0.16280401477864564,0.19897564880712185,0
-0.35081734323005226,0.06085896958621218,-1.2112445994700487,-0.003325872409542713,0.41384468562805843,0
-0.15172323253750514,-0.36557238011917137,-0.6988964580796099,-0.15938259588623635,0.19557184083290033,0
-0.1712581412974767,0.3385137432788563,-0.6750073364173843,-0.19729807607464475,0.4480110887111751,0
0.196437272223487,-0.014785168973522392,-0.748427058893708,-0.3378052297002303,0.6009042556266,0
0.09427539636492133,0.43427027007779273,-0.8396326914666231,0.10012629544588053,0.7126743953863767,0
0.23740984035986495,-0.09756458545151256,-0.6584778136773637,0.5594776399304507,0.5123705225145179,0
-0.1973607345569299,-0.09931793233346423,-0.6139472621586161,-0.2108428979558134,0.3755275924079995,0
-0.31350288108778046,0.4863593455474153,-1.0302444370518629,-0.03949941358730347,0.31979507007780694,0
0.09828607850122845,-0.3801615557345343,-1.1619115934226774,0.16793980120573535,0.5412613978887589,0
-0.29794380342396876,-0.09510416589753815,-0.1923050331749829,0.21999038334569476,0.3279303693178799,0
0.029745172284594196,0.4290451542920575,-0.5328812548545674,-0.24717809977345734,-0.4670364515145331,0
-0.09249780044093286,-0.4335939199088924,-0.7430705849755612,-0.13129856717919958,0.9436954037498901,0
-0.2632614175436308,0.26096106047634393,-1.0883998846047835,-0.09190772804875107,0.2001261122399658,0
0.01880888244091239,-0.02575499055485299,-1.2343138458857925,-0.038738635018369605,0.4141781575816901,0
0.14921046707911056,0.2928086734664053,-1.115445314811748,-0.04301401573014241,0.5269321252782458,0
0.06295940537286654,-0.08957437998880322,-0.6386041618448759,-0.3073042376830611,0.2701690035062811,0
0.3341510734070676,-0.4231502885708437,-0.6926889049616217,0.22855644866759178,0.471471503635995,0
0.10278197838677622,0.2512080355956853,-0.8195389820440456,-0.27825063017210805,-0.13360327663898963,0
0.1550352163394198,-0.08894306736583724,-0.2582058640802358,-0.4514612707683872,0.20324192687048864,0
-0.14601645597283505,-0.3568837805811105,-0.6066741456511371,0.03759677094472125,0.7944775365504799,0
-0.031162025527371767,0.15012754586571517,-0.3014216845113296,-0.1535873635212303,0.06291974233087845,0
0.40975942635624946,0.03970695478431299,-0.7911821161611855,-0.00806874438962521,0.44168642341871,0
-0.15791475680380127,-0.05336959014069622,-0.7004708241930016,0.20646639143793896,0.42151677348710714,0
-0.27358535568975534,0.007771593271229633,-0.5136214809504358,0.08134129969990646,0.29331905109252965,0
0.017094318992183083,0.36733977243288174,-0.42857247375673385,0.02312772051507129,0.1452515666374013,0
0.3543346829997426,-0.14711199319954577,-0.6115182179373005,-0.14341091377568468,0.3963703744586011,0
0.40824350113223995,-0.01735533922614009,-0.520831373408585,0.23465288007164212,0.5384153657898673,0
-3.733692437289382E-4,-0.2163102476739144,0.4152697544943133,-0.5909378312932602,-0.28765093865936614,1
0.5561705567349198,-0.281302417058865,0.3592461277085148,-0.3064599344380989,-0.13442610066303914,1
0.7023733633138669,0.33108273072310823,0.07426291873030444,-0.35792784757218066,-0.6537673900459382,1
0.8751181988877188,0.016799341012936567,0.624611847158907,-0.07147847107006221,-0.2177917807652091,1
0.2775658631145672,0.268566647777677,0.3233346291337743,-0.5271473091776803,-0.37583528961659657,1
0.6729478647903941,0.029020150915419776,0.37178588501196247,-0.25715839781397587,0.15923149202502593,1
0.5033402966712617,-0.17536472171126774,-0.19566607719122753,-0.5834375898864608,-0.2041120335982206,1
0.41037334740121956,-0.21132838016596195,0.23860239815798528,-0.44956284059966595,-0.2268183810597195,1
0.11258731772571326,-0.3944793520626663,-0.43081103932787695,-0.15926812740197327,0.09417534800801552,1
1.0370646772720722,0.08420436011789861,0.3371466079242373,0.205523086784485,-0.3992389193024105,1
0.4005848790197749,-0.18028338314500067,-0.06844749226285593,-0.5497519326259384,-0.24751335688043866,1
0.6677415162865399,0.07183313147332197,0.3302500925668075,-0.16440181104712345,-0.6115528730999497,1
-0.013760980853429352,0.3186435772795991,0.11192858628978186,-0.580957139408803,-0.34087131582633723,1
-0.015272701625569735,0.0024022355328590914,0.19104525985797613,-0.4871393242357682,-0.3548912242716794,1
0.9010020832427001,0.16585884494387942,0.55257536588905,-0.05301835183671262,-0.22900641341779066,1
0.616875807767768,-0.036025341796240805,0.34049932733717453,0.12430890047199941,-0.5093929539645834,1
0.32108441959269823,-0.19464130559539233,-0.19298143573805593,-1.154825277549716,-0.0057001476495318615,1
0.2925256893634124,0.1916962767073564,-0.5040344371674899,-0.48356115035678127,-0.5783004562070965,1
0.5495838491105389,0.531998383404951,0.254961079293476,-0.28056515854853586,-0.23699895378541125,1
0.7185649553219431,-0.3666914885764537,-0.2550368526003771,-0.5531757235566281,-0.302405951967279,1
0.5553509511852184,0.0530678878501989,-0.34068017055900907,-0.4449982288549934,-0.4190117182811054,1
0.7107505978967665,0.012572477660975277,0.33780946490923336,-0.5731450679255989,-0.3123491104659716,1
0.01742469481499609,-0.607420881339368,-0.3344540745649713,-0.6609256618087556,-0.33408499123069935,1
0.37746537040213,-0.4819239199612222,0.26137198593629196,-0.7125191431821702,-0.38562199328251,1
0.46673478324130385,-0.10065191685578415,-0.17207663270475873,-0.8127908541013718,-0.15192770387117077,1
0.9305337208550881,0.25357859902745217,0.45100319161078883,-0.06974660294202095,-0.3807408057579952,1
0.6669343876150784,0.2049444375695261,0.04835005036454132,-0.103848202502353,0.08663331325378155,1
-0.04768094754784506,-0.3661817360744204,0.20308082697236843,-0.8631660154522303,-0.49009121949500223,1
-0.013476756870143568,-0.3068648661901618,0.03716994933331533,-0.4229846393300821,-0.6656770920403999,1
0.5715060494283668,-0.2780212993620791,0.07589976329734299,-0.6091096052734618,-0.5044324391048863,1
0.5803947301427909,0.3752141934032471,-0.08718541231523616,-0.36539870235379873,-0.44535944901041036,1
0.32020071094397023,0.46599126807068125,0.5479044033032132,-0.3917359852487333,-0.6582092705470711,1
0.3106711112861033,0.019571665315084266,-0.26946881423208563,-0.34881045940954836,-0.19102609464278134,1
0.4646679667510659,0.2319497544601529,0.7289919614946389,-0.2276616114847827,-0.15063867112230656,1
0.13799095860126423,-0.2406614310937777,-0.12116240031155558,-0.17821574730916545,-0.10469269217676501,1
0.6977954415485892,-0.13423614173035664,0.3577018954284069,-0.4037962519136622,-0.17414460823800643,1
0.6462133181759012,-0.569183403254002,0.2948661609822915,-0.40907160163504797,-0.34492224991632336,1
0.7261600354973341,-0.3158829544044291,0.41715323955814076,-0.4733094725173854,-0.5302909800523491,1
0.8543999286331703,0.3601692497837798,0.47530434555199386,-0.5713578757333437,-0.7014771197896399,1
0.9776078494598914,-0.26249392326630056,0.29155251333154714,-0.5586535452914502,-0.4308546952025754,1
0.6925465145819976,-0.4229089410098527,0.06884506573727106,-0.7041389156593193,0.11741632723858159,1
0.5214499533266115,0.026434087614157657,0.46110726098849625,-0.10735001595688837,-0.18564116912208972,1
0.08871800039228071,-0.20948009193370365,0.0666054748237413,-0.7396756366652061,-0.5628956242427985,1
0.9819060041784928,0.37047105479963055,0.3063383468449523,-0.4385375534979572,-0.11213632917256039,1
0.6122669705015331,-0.2267736692804681,-0.11780423683149696,-0.40914769384336885,-0.12330287950266092,1
-0.0715110722142409,0.3251885108432177,0.29447406499388074,-0.4911002969595607,-0.021648108882579287,1
0.4230582845068023,0.0940045592679398,-0.3231379212092537,-0.5194122363925191,-0.679181036969841,1
0.5152307621411096,-0.18230452335482486,-0.25825001435576633,-0.15011649629253446,-0.6414588974269793,1
0.6049346348039367,-0.32623298499950526,0.3853927055957931,-0.45006144375479235,-0.5121534579000445,1
0.5647377427911523,-0.3487283672512539,-0.37713492781624103,-0.3002613088768374,0.1044235722857739,1
-0.15062026693269887,-0.5741046630122688,-0.10439048952917578,-0.6791378452671764,-0.3853687610109512,1
0.39647838638594557,0.3079957203574526,-0.20633330175726342,-0.7426101538965817,-0.31715149275138077,1
-0.12281204749450304,0.16704496304168925,0.06075184403482023,-0.5784067416480986,-0.17369544636139006,1
0.458019035867169,0.4036448579255181,-0.29343272033978235,-0.6413220438221743,-0.4111475012475366,1
0.4031588070831803,-0.11945132714379741,-0.08007224100482428,-0.5525014304236204,-0.1663176450859358,1
0.847589587679057,-0.5112371118966291,0.1529073356371673,-0.3232045129832479,-0.24128441328868502,1
0.4461041392137939,-0.36837261190568277,-0.14096942652711877,-0.9951510830499741,-0.29796974472375143,1
0.5658377818176693,-0.10209496892079978,0.18434282968499682,-0.4053809936342897,-0.5714651973603949,1
0.39619659871154084,-0.29952022733750366,0.05375442629548646,-0.6291206418871227,-0.018731606180790672,1
0.7449618734123329,-0.010880189769952605,-0.17373048251526668,-0.7166891398430432,-0.35021494123677077,1
0.6683741746411175,-0.4607805298619428,-0.031406412444436205,-0.48519264177947063,0.009839641275804945,1
0.3684060305380763,-0.06983021063287691,-0.1372412094696763,-0.49135378718575745,-0.45099458223812544,1
0.6834327339129287,-0.17883370733919782,0.21006022875009983,-0.3858308423663829,-0.3866649005935131,1
0.18548102240272146,-0.602177450727551,-0.12566163670576763,-0.3360804268505721,-0.2809146258491547,1
0.42329185038037326,-0.5119923506535937,0.15015933864915534,-0.392370254337976,-0.16941171789960577,1
0.39371388601863194,-0.32142226029479737,0.03521304051574645,-1.0057047979798548,-0.4578148600709406,1
0.2701447959367586,-0.7529483395101563,0.21566233543923108,-0.6875621861341497,-0.17358226340289407,1
0.288900779218143,-0.022095230754403727,0.2911488261615315,-0.08522257111269464,-0.03765803257372982,1
0.060901941135197986,-0.4913336252086716,0.025486855378335033,-0.1757633041483352,-0.6302831615464449,1
0.72429993163773,-0.3073495790736985,-0.06816548630260114,-0.30052785725781084,-0.24334909603649563,1
0.0902732392441028,-0.012199703191160476,-0.0797606516041795,-0.5329896547249514,-0.48943362297098036,1
0.2551908369571176,0.18695797661392258,0.23396244073481182,-0.2647279282059763,-0.23423917818583104,1
0.33342186226030723,-0.24836693554258854,-0.2856279006106416,-0.8801778595757567,-0.5879095827894529,1
0.5126420619374442,0.2691140243767942,0.06170681288575253,-0.44686980449880026,0.025099209311602116,1
0.6772714711832571,-0.08186768236300802,-0.3277969609323167,-0.43518678686951473,-0.6047755578091476,1
0.1912901227492796,-0.16327487964256915,0.21651405590682574,-0.8363386085261109,-0.5253467976681275,1
0.6453730394751584,-0.18560286407186524,-0.24496646278372575,-0.14364002794666716,-0.24346203628835156,1
0.10219977737297345,-0.08213623740191642,-0.39590899535925644,-0.2289896717667354,-0.048014397476772636,1
0.10632745151114961,-0.07954805611446447,0.24543296658490413,-0.21512663294847018,0.04488904031582644,1
0.11141871906204581,-0.016888496180292988,0.009354097637777614,-1.092027763017723,-0.06606788326809987,1
0.7559230866901386,-0.18955630712604787,0.32790851630429557,-0.7824975560645344,-0.24347626581782594,1
0.5170459482234624,-0.07219409228279866,0.491409185405404,-0.3678336807603577,-0.32051659852381786,1
0.44963989242605495,0.20995049926514697,-0.0055737967418027475,-0.18456972994944432,-0.19483763120581296,1
0.13954534254040601,-0.13177273851181673,-0.2846054476282108,-0.7140674768371907,-0.5091796680784918,1
0.022048827006694853,0.09480455206872035,-0.09964812336708284,-0.32926667415954786,-0.37687468892123244,1
0.48943511403586537,0.010399312442348426,-0.5248841980564188,-0.5429219803261062,-0.4666083478930953,1
0.7287080380348007,0.07439796695745601,-0.394377292048121,-0.2742079324234129,-0.5026958896122059,1
0.2601193558831163,-0.05088386666251421,0.07043734939640334,-0.38183658822502503,-0.44070126021941,1
0.47701873259374855,-0.5286492403523715,-0.23854297721581932,-0.6925764256063034,-0.3830034055891081,1
0.6431170172349139,0.34735436588456553,0.04340494334120765,-0.5962956028308524,-0.392421450792088,1
0.4032070096796739,-0.19693006326763776,0.016827609853796083,-0.7477135805428357,-0.3957562900152764,1
0.5442773794530236,-0.40817063664427333,-0.17851916795586087,-0.40840085492030537,0.20037210408912814,1
0.6649916719821093,0.01307289868026425,-0.4098068052291925,-0.35673079495249005,-0.34546073138026484,1
0.4657821767206707,-0.5562365044684494,-0.11456083898873747,-0.17804677122795456,-0.4377608406984246,1
0.37283813775646935,0.028674104539507576,-0.11595008645002904,-0.37937421144669187,-0.3590679100788549,1
0.17970469658158844,0.6308800869871221,0.283543943189111,-0.213257704011089,-0.47856875040640906,1
0.8424699090860055,0.15661384694859576,0.36767478772236795,-0.7158292195390458,-0.7091422377734906,1
0.7811543080832686,-0.13463843689166838,0.25476471881331797,-0.4092161986419335,-0.040020052484581126,1
0.5114481816834385,0.2170232956035578,0.15175311092748447,-0.695187222312154,-0.39918344747235945,1
0.2749057101028432,-0.3692741929222275,-0.3136817026630633,-0.2953709046411377,0.13143830339050516,1
0.5875473422293994,0.5199432395599906,-0.03146714391201638,-0.37153136156682925,-0.27565871386496105,1
0.36061363592676404,-0.2664451242664246,-0.020596545612662026,-0.7523403491841588,-0.5461583988025814,1
0.4558169044463116,-0.18374353946326463,0.1988827537563283,-0.6398840418245757,-0.5516261360070339,1
0.5012782956597442,0.3131264871366156,0.6540013200914849,-0.42198993065910795,-0.2922060639390411,1
0.15050273123518979,-0.49683521253862417,-0.23011164589505215,-0.7914605578404101,-0.10625584260219001,1
0.2858169554500882,0.12060065269026296,0.23204847190523076,-0.8284514406780795,-0.5772698343696565,1
-0.11070614392147474,-0.3040473717878793,2.4091119946459405E-4,-0.7571466701348413,-0.24366877536261233,1
0.09597981474209047,-0.1941724846894429,-0.4662088086411493,-0.48075623389039224,-0.024117607699545518,1
0.5142690454705803,-0.13616030302746632,0.43967093553362663,-0.5237643930990707,-0.37517998702021005,1
0.6052840309525416,0.14088905129705748,-0.3266343583633633,-0.5362587478722669,-0.14993293292508392,1
0.7681661958705106,0.09772721717569838,0.6357435350917419,0.31952179214678766,-0.3501833639276028,1
0.7802825510975361,0.09623553070782159,0.05669494386005905,-0.6030538568824483,-0.3140276360490864,1
0.8062821904475395,-0.04769297140564212,0.38013480614555895,-0.7566659059303162,-0.30663909125365413,1
0.4392375042632728,0.2133056166990533,0.44113617803149957,-0.4730382488429652,-0.7024409492333065,1
0.4447638537177612,-0.45713036500623827,-0.08240178482218712,-0.1926492956251481,-0.5318739662616603,1
0.416782504374477,-0.11515083515400582,0.17505245427785698,-0.46519855034183605,-0.5943195940923817,1
0.7902672337455278,0.4661120110300949,0.3018132981121117,0.027189771578441685,-0.2993857874796101,1
0.12209980890900052,-0.13861150829467334,-0.26627133233954514,-0.23081855348520303,-0.3214837173786084,1
0.5401649627418998,0.3699404586555675,0.27829687086969956,-0.3113024238649664,-0.7276777748803276,1
0.15764168437998505,-0.43320620862262915,0.05868639737629465,-0.21468704198609184,-0.2856419428784324,1
0.5716955249156856,0.04105250101707376,0.3445169647685614,-0.24604762138196273,-0.20969454997734216,1
0.7870207463773291,0.4415297330628964,0.1373292907459801,-0.18894478642512025,-0.4528518690012527,1
0.2054383521422062,-0.5584824481763286,-0.3720786969422903,-0.36283795322414236,-0.6444173041667424,1
0.23467057757290383,0.2693406995822342,0.42854033179913703,-0.3212558768193667,-0.4428167252413944,1
0.5952322639259597,-0.7115325004945873,0.3796662910814166,-0.39098341833102773,-0.2604715317397211,1
0.12175545383822062,0.36599089180296307,0.01711213825435587,0.9039057657334105,0.5625984163351894,2
0.36275967560010597,0.0972337356495817,-0.03671474874488983,0.6043952766611858,0.4694609045025076,2
-0.007067533757830091,0.44495459587916536,0.29545535365865283,-0.09363140450484347,0.8252448669687622,2
0.5601567750433041,0.2382098325610904,0.35748421331097924,-0.10100802136505627,0.6391190479631973,2
0.6178320107892142,0.4606130720028065,-0.849328699082365,0.3869423207432972,0.22901726386446486,2
0.09430683139366314,0.2769930725345628,-0.04994930965618022,-0.03432539263524803,0.8560697414519505,2
0.11472523932580822,-0.11967293171736597,-0.12202562681657105,0.3366548189337095,0.7349067079784611,2
0.23688096041540282,0.08336262959085955,0.5300443029162816,0.02599412769394782,0.8483747214942683,2
0.5713432522936603,-0.20868094378391028,0.7462801949838921,-0.09011060842138263,0.8239719168049066,2
0.5561801246683666,0.11321303981040991,-0.20469217988328933,0.3465454659559489,1.0835732028023581,2
0.2445114362475491,0.15884649382837399,0.22847424115194673,-0.10339861175357246,0.5927026257334522,2
0.24806224885639452,0.19682285122427148,0.35391162853034674,0.2759966248671924,0.49455431691646334,2
0.38974056381330485,0.09603096329604657,0.14550420182433055,0.20896041651872677,0.8378759926993377,2
0.6145793499004497,0.20783196688994388,-0.07991745685640386,0.19020087634874244,0.9546553687362789,2
0.5512139439542102,0.48311457897398496,0.09070758170347243,-0.13072266642673375,1.0945072947735746,2
0.7004105777653991,-0.23252932019640435,0.14697379840122018,0.25681408013620766,0.811086969087295,2
0.20539816275546813,0.04630966586873882,-0.5498047733531461,0.6601855228692808,0.7056905015911518,2
0.016482689983716648,0.39989010646203454,0.3688540656074182,0.1595286957481461,0.8135737931250879,2
0.19135880140970063,0.5041472250467982,0.39780845077251314,0.415480405152957,0.38510848138453146,2
0.8530779238917523,0.11172794491601226,0.29000676206104126,-0.11147671044236496,0.8415658982578109,2
0.6745547459825526,0.42130318422315305,-0.32218248668402283,0.597084163571111,0.48515790208072435,2
0.519022243118012,0.20988348850822,0.04278865209810108,0.1664575932448575,0.5776792780309166,2
0.698776836475512,0.6269021062584659,-0.09039924337237107,0.3404507762284567,0.8620079245878692,2
0.017564988939386184,0.5929715291100375,-0.4815627073963916,0.47430876668360133,0.597449833067188,2
0.3994075798137585,0.3009671750679279,0.15953636571365787,0.5489045933019092,0.6621176166279954,2
0.7017107197218465,0.4073545489817051,-0.021925950868896427,0.27705808156745104,0.8014781792846564,2
0.2866819684205217,0.75810052758438,0.027088024785981185,0.036121428320102345,0.534644764952902,2
0.4753049773795626,0.013146378557723775,0.11543202149022092,-0.19513418734062427,1.300174668974309,2
0.6836457685198366,0.6941839969307161,0.15306841340296423,0.3447015962957444,0.4670156474342493,2
0.41440510193397223,-0.06510667793762424,0.5730743811974119,-0.05755348535839368,0.25789336251767053,2
0.47769448240223417,0.18480027356392684,-0.03258796461468076,0.6101793492127177,0.2874677743294656,2
0.7326365735104599,0.5953904465561642,-0.07606923289086753,0.4923811180718714,0.5090799594282196,2
0.26209733533078994,0.09704441870114866,-0.18555217414441175,-0.049640230608096525,0.686503673921431,2
0.5222758641423169,0.3871810847496348,-0.28878007421073704,0.7468813063419324,0.4773412117862931,2
0.49189584285379817,0.2857755189930726,0.03443074758758313,0.03260812320266948,0.9941562298780563,2
0.007057235499946514,0.12132640333070357,0.3326118877584534,-0.3506451711645749,0.3532903309078618,2
0.5121384298877529,0.23155476909505213,0.3499493630323847,-0.25317931740545846,0.36919536019317134,2
0.2978591402162114,0.008600131657984858,-0.22910891911953607,-0.06801646686865442,0.7070819327114517,2
0.6391984805393888,0.04769044977548601,-0.4791430751493946,0.535147614552353,0.6382810933031705,2
0.541861600473634,0.6537647227605337,-0.1742525571588206,0.23130465324816357,-0.007466018753026618,2
0.9466246987864817,0.16905972584409207,0.08164719446295615,-0.10595016008172739,0.5307437549267662,2
0.6304168000127208,-0.0021452401848971,0.635127295283444,-0.09809435522241383,0.6544019667537908,2
0.4695154613587993,-0.008743837722247067,-0.25653243735160836,0.0902869805154885,0.5182463026633186,2
0.6497524085570227,-0.1502825055172277,-0.14004615700530343,-0.3140853222784703,0.4325912895755968,2
0.7384998865646187,-0.03333290590537826,-0.09754168224476839,0.40737971374916604,0.4342224524258095,2
0.201148946673007,0.3434395398930182,0.45376056392313524,0.14741720261570362,0.9863057918065308,2
0.5542501470291027,0.13588423969750718,-0.16646573480112375,0.3516687295993556,0.8495213272858662,2
0.6172827528117009,0.3297612006508393,-0.04663136907275586,0.07945187535809578,0.5362478400066928,2
0.45032316100532566,0.27456778748793875,0.19229121880394398,0.1547991720051326,0.33880668668536607,2
0.17921451383577705,0.3161449308025255,0.10608735911722941,0.4814651020412892,0.8676365970790456,2
0.28647221908156184,0.7079225414703058,0.2686418748445427,0.12283141482269645,0.36659504616381566,2
0.4589637321541289,0.3312444287699632,0.11997703466556686,0.4548633228022919,0.5433794541318345,2
0.6409981433670191,-0.09240741916095427,-0.13449876672026767,0.20714679332684638,0.3244874615593611,2
0.7308404117425626,-0.18009661209657613,0.16879332505704298,0.549564489408354,0.6156955830189128,2
0.48308334308453926,0.0051626745953091266,0.4245601002069255,-0.20760187140541933,0.5994980553303823,2
0.6033442240094196,0.07067408864328725,0.43877077571206746,0.17127022742684322,0.9773545109935262,2
0.45156517558015796,0.0775783654541748,-0.0010388705869585624,-0.09608292468518165,0.8303767211871786,2
0.21720508519311335,0.4036349331460379,-0.03358015957832803,0.18672511384088142,0.36881762100719917,2
0.38480999911949143,0.290388594903722,-0.22747787131125966,0.1744321002943432,0.9429432422995585,2
0.40246209091508195,0.2932041097408164,0.21494403736206996,0.12151592533316394,0.2778026284774165,2
0.11590300453950289,-0.008382275065385884,-0.09966259555840051,-0.13480423715828166,0.6379989796602304,2
0.7391703351928838,0.12291384922060179,0.025824846132488866,-0.06049565636709858,0.723371639536786,2
0.0033362691915686735,-0.023392105170454702,0.3584418078548373,-0.0028932757788299734,0.4782381907135309,2
0.18642229209401143,0.3772971904694552,0.005723151505796426,0.2776177629758188,0.3121724132344066,2
0.955438150677419,0.19663352151570201,0.1371556114883165,0.009824921468164521,0.48158899763758756,2
0.21231407730281476,0.3934732531673684,0.1888804788082743,0.2052171171596316,0.8173370614792513,2
0.12172016434954383,-0.11547901084449945,-0.008701685637475642,-0.13851829239365426,0.23703160573674065,2
0.49471109398325785,0.14658717591657167,-0.16562339845943314,-0.2077430029492101,0.30161447355774795,2
0.36556110571357336,0.20628014934281003,0.3696280495890061,-0.1890897169927162,0.8233409113120324,2
0.8377014233833551,0.31954714656473865,0.5659517305581829,0.038503838157966035,0.12099972087620894,2
0.43988001252759773,0.2599929514700093,0.6261984913929366,0.6260139242055174,0.7948979788271935,2
0.5935739157711101,0.3599454297367131,-0.011649774334506507,0.09139593451934344,0.6155043835817324,2
0.04224474655179408,-0.1024384761339296,-0.18054340019237522,0.10675536928105138,0.23669548673181573,2
0.46945277814259334,-0.30554326318687464,-0.1512353660375798,0.5159494961679396,0.32625123823457525,2
0.11130306250404018,-0.1283857720841084,0.24162384816443022,0.3224714894222127,0.6416779178233124,2
0.09551267635198343,0.71917819188048,0.3525780023498429,0.6630936517457784,0.23977231244110447,2
0.49309686912750295,-0.06613362066748041,-0.16578786065335974,-0.28464476926275584,0.5503710474321636,2
0.37197218709478397,-0.07656601414508882,0.8946679628704328,0.019996447782209104,1.0542599939589377,2
0.283137017786147,0.4102173866656796,-0.09368288877122069,0.025332039150482377,0.7032671451337952,2
0.27795934465615213,0.041028848124845585,0.34809631699289406,0.18404888316220125,1.0865134183543101,2
0.48384675535047716,0.24700382025085585,-0.575847153289059,0.0401607496348908,0.8021029828802808,2
-0.03363932377757406,0.1924354946018527,-0.05284576858275525,-0.11191960185554034,0.8934082566115671,2
0.3532301400339615,-0.3328561816514297,0.0051751520309938626,0.057638453754179975,0.6485727326462493,2
0.19140844515242894,0.42306288449299956,0.5671517704956928,0.2897698709140615,0.3068660719775274,2
0.3419850605632764,-0.014366380409476085,0.0272380690513907,-0.045876127881567266,0.2544630974111103,2
0.47919812102429826,0.22889856775127468,0.43575286376874556,-0.0102104219383439,0.31845797619949945,2
0.5401702447634338,0.16643475921726486,-0.4000813521749105,0.49322301239716193,0.43354837648011435,2
0.24015287546984176,0.2608597212132611,-0.1223888467110581,0.3240390229902256,0.4725577747012744,2
0.19668534025635045,0.07327206590596401,0.31912326128863816,0.0472647684204131,0.07061698534024179,2
0.7331810950701868,0.5767991326188254,-0.390846218977709,-0.03729800267652106,0.6782303081129546,2
0.5765928397963228,0.12928686131414743,0.0030894156508268766,-0.08386878038941459,0.5906761972486128,2
0.4022891695347427,0.2748988941715314,-0.3701621188759161,0.5263409283569513,0.38213711927779714,2
0.5309943904096116,0.7318013091377044,-0.057971490137897555,0.21771451537428893,0.6985427629795717,2
-0.06906226701915683,0.3040226764200983,-0.6301830110632588,0.3686799180680367,0.5198017676778522,2
0.2749159124005979,-0.06144943822489039,-0.12266742062337332,-0.2318402077000699,0.4153186584173745,2
0.4370701977277579,0.08549945098549877,0.35439839446218757,0.5233159842285378,0.8617671117058886,2
-0.06854945890639806,-0.03628601628410119,-0.32261785969357615,0.6602640380491727,0.40484934139413276,2
0.37527247307829276,0.16581072157730944,-0.2873980243155223,-0.16674337863910738,0.40033026062627974,2
0.25665909857511193,0.102885162222118,-0.48910360138531217,0.1760907789940522,0.08886963678312715,2
0.6388529331358876,-0.07913974045642486,0.29177398576201535,0.08690086814118089,0.5741640770659262,2
0.0383384192752386,0.23251000305077743,0.33183745236612716,0.40006189589856056,0.7153500886823819,2
0.8188066130616424,-0.06848276812467753,-0.1369467026146322,0.5328974551391455,0.49137508780392186,2
0.5210069260178816,0.5365691481317479,-0.475776608363696,0.1709567982454534,0.8089480749555171,2
0.6196325023421836,0.14814639477487612,-0.17686931325845556,0.003347783830960127,0.7691731128556949,2
0.6091019119578456,0.027929104507845984,0.23023790924439227,-0.21742107891237233,0.594669899290985,2
0.15185889108432438,0.5174695776777753,-0.15625308446036568,0.038658720882862985,0.6496100625263092,2
0.3477569389925895,0.16632541850162327,0.054554479900340125,0.04543218093630669,0.6141265542283469,2
-0.024379135834409676,0.5571560913871082,-0.2723627070055734,0.3265326771705248,0.5213108709588603,2
0.7176814484255707,0.4610847780121152,0.25587272614649675,-0.0739745865255993,0.25404016605064783,2
0.3933634114573681,0.3851158701861452,-0.4829695171551638,0.3632946228699058,0.13774954689742086,2
0.48477900773161275,0.055793750276663466,-0.13248983239965034,0.4118432751749741,0.5266286014217625,2
0.5146387306246264,0.1485844977945008,-0.2686294611410954,0.25984027245223407,0.7838738738984471,2
0.49561453449975457,0.4235646266879681,-0.30609807296610203,0.2598199148398445,0.5269791408420551,2
0.3138822684168588,0.11202095176708275,-0.5860935795582316,0.5192474528893972,0.42232882248726555,2
0.5308821786212939,-0.08755279409378287,-0.2464899801451352,0.4525235905757197,0.5898409890670361,2
0.5158716731385644,0.0296111079776778,-0.5785481632141204,-0.04246035363920635,0.25301919501248926,2
0.5010583478130446,0.022031010623855936,0.33479961595067453,0.09932786834393889,0.5847204292011742,2
0.3581407687520378,0.15014061989321661,0.23662327420776502,-0.19580489899572268,0.47574083373833786,2
0.13698000913179711,0.30709553558472796,0.13695211103873506,0.5330333297448101,0.5238000317010969,2
0.5773646340483388,0.08809306059185404,0.03862774906493911,0.6247954390478035,0.42353985779531456,2
0.14200202259667125,0.3340222551905316,0.01287572185849449,0.43252020476491415,0.6882648333732619,2
0.7393739199490486,0.27270539390472676,-0.22142801394032247,0.431419348858202,0.39711131815939016,2
0.3281905169180057,0.18171833449074923,0.6864520908701144,-0.17275887137580126,0.8648327865006886,2
0.4630616081455586,0.3633039295555323,-0.15284825509372946,0.4981724542095337,-0.02235883145192258,2
0.7019140040432654,0.502624699261446,-0.15731882215543466,0.41988195328403266,0.3861542928155098,2
0.3215275618428206,0.08138501572875997,-0.01105522189753555,0.4898141208571183,0.7371050743828039,2
0.4448699424015521,-0.15565754417732355,0.23214588845235645,0.22071738205032523,0.616490684040865,2
0.24860518561900433,0.04457879876714961,-0.0812676777746091,0.3926458649589789,0.9242767865224957,2
0.4302857464032092,0.5423872851781693,-0.23287575209798894,0.35768525358794345,0.6114544554155831,2
0.5313629064018695,-0.12338946544342207,0.08249706434663892,0.26268953121526983,0.9455263488978771,2
0.5395561949290097,0.20689187884501953,-0.2795520792626344,0.18126388760805798,0.6647787748119941,2
0.22457752637951342,0.7211112280605018,-0.0736646664349818,0.523288908535555,0.6944403477150766,2
0.5085929413924869,-0.21292499306816973,0.19645616113845923,0.39199432945726986,0.77234222659935,2
0.4303130619337893,0.7639556279245313,-0.12414950162608634,0.36217834699156526,0.3491598112166665,2
-0.004175426879550456,0.3853040747910199,-0.0930852291495377,0.04653833921779657,0.5566514136015795,2
0.11037770581279303,-0.26788279701419454,0.25289453683543184,-0.1993163572192903,0.44755551792625187,2
0.3075298771928322,0.6103523433003318,-0.030942206230777272,0.3586754683147001,0.19251565169764298,2
0.01920106228673374,0.5258761073809569,-0.16662308825786593,0.27273919105391564,0.8088216575061267,2
0.3278188431712757,-0.08730526950265263,0.15400520262283718,0.39743749186486343,0.2996203488969191,2
0.5244089277324093,-0.24843638828007003,0.1837168406498492,-0.14639505611422937,0.3712110371721125,2
0.4008982254307382,0.00789157799703391,0.6815028087512429,0.09552749785072215,0.3881413211902146,2
0.6053126775965374,0.162587637608624,-0.165867680522562,0.02006244984070682,0.9155562660625702,2
0.6300318365336807,-0.047582190160778456,-0.14521785880565213,0.04245460272059276,0.31508641175769503,2
0.2804127604206684,-0.02914381674180611,-0.15885573530966174,0.6430974135068487,0.4886817389142565,2
-0.058041771521560516,0.11021374902691852,0.21018741674056365,0.05803094841252243,0.48531820075028176,2
0.3894855549668571,0.15875533822199617,-0.7126067986263869,0.3094742660932641,0.09229220674752432,2
0.6054624325915705,0.19309370938610484,0.4310022929441661,-0.36313712876149984,0.8629634750377402,2
0.4233275967518778,0.5090324787203329,-0.5146326169294229,0.41101774455452494,0.5142560650606985,2
0.6266462334593489,0.39701838771881126,0.31483594229240625,0.22318039235122455,1.0336948599636133,2
0.08117906294699477,-0.1286021462913087,-0.3892883797258919,0.5788201416792569,0.43274626358547197,2
0.5723719300003961,0.02988405827471726,0.04709440636275905,0.28800818750887136,0.8524049743713474,2
0.8613577731141993,0.3393449762835552,-0.139242700228341,0.4469393681984014,0.471951021145512,2
0.2039615048152993,-0.09632311641459383,-0.4110334644315966,0.31813967355166595,0.6477335592863585,2
0.5200097787232146,0.32974479746680413,0.7540155711590817,0.3517403161520958,0.40722727469915704,2
0.5023252576948305,0.4736394509813609,-0.5545023059460251,0.6898864343197936,0.32024063071119646,2
0.5168043458444512,0.044447520690098115,-0.07940228231468574,0.07750396846074975,0.6512966014994912,2
0.38097967384969,0.5136499463825853,-0.4425034671940846,0.35272075934671804,0.37795476806820016,2
0.7077822803236696,0.47531956097668154,-0.07135811014386653,0.21987129835487212,0.8639616731231847,2
0.4721851760486232,0.16670060681934581,-0.0188646735430352,-0.012564107911009814,0.7417762333960833,2
0.4706695342492662,0.3761094745270725,-0.10531229732996908,0.8034002190203131,0.18188889928255658,2
0.49659873809128924,0.6814410408510921,-0.017850765974537747,0.5431551401528414,0.2108462156063442,2
0.36344078827614956,-0.15519642613493437,0.35621711226911784,0.1755533215996243,0.5695097825664988,2
0.5658121251476468,0.22053989106443456,-0.09452171055197772,0.21833516160906438,0.21463038088441158,2
-0.9234355857142114,0.4050615795139825,-0.4910854058504309,-0.3321744454005787,0.07486584682867148,3
-0.7070157388784595,0.27719474425650964,-0.5401642641216506,0.07230326337951194,0.21883808756187503,3
-1.0098248755037529,0.3341743633572211,-0.1668310134621994,-0.26901123377410635,-0.3149136589283953,3
-0.8555375669320565,0.22586768432849583,-0.40507806941120605,-0.25923768274796705,-0.41782895535901315,3
-0.20692126658444254,0.2707497313931503,-0.6398046449774397,-0.05031118534261758,-1.014111203055853,3
-0.5079940792395391,0.17415969362185696,-0.21115641229602228,-0.12801970192242648,0.14309653830560745,3
-0.5082643683141167,0.3770684078426766,-0.7009521693619551,0.1668578009296256,0.056274388090681214,3
-0.5236811236188135,0.05164910608125529,-0.14423420555285119,0.18182017779040083,-0.8243205691098268,3
-0.7577927618312693,0.27545681825946,-0.473233738161977,0.023076948646297724,-0.8482978536150961,3
-0.32458508387973406,-0.38648547279370155,-0.022498705253892887,-0.10648137943913372,-0.7353509948977606,3
-0.7197457008888164,-0.07502369627138925,-0.2987799157463328,-0.2794246406494659,-0.42957499290517587,3
-0.4628655369282968,-0.148387516435998,-0.28607138152795064,-0.04707941550031847,-0.9102182108922859,3
-0.7661007611846258,-0.2314168409446811,0.052226808441902195,0.2714865850508579,-0.16785527821790575,3
-0.593549406664871,0.3184721748519048,0.03190377843909925,0.07468415274545684,-0.5610484542384915,3
-1.0501853373084793,0.3285428020049616,-0.5007088493452132,-0.05123985390595198,0.14884333671771602,3
-0.27221926067528485,0.19086925203937657,-0.31597395610820905,-0.5638882888318935,-0.0735060299471601,3
-0.7529346399254596,-0.1504412414996257,-0.3274760443609935,0.10135970503214164,-0.39212572706446097,3
-0.9706843157194024,0.3257925198490531,-0.43442774755188396,-0.1391397801081948,-0.351697738201684,3
-0.9340631220050923,-0.3028543403498775,-0.4008931216530396,-0.3128056429242294,-0.7244425649345825,3
-0.9978358686865682,-0.23627855099951284,-0.3735523040415163,-0.2785526531302595,-0.0677122663131134,3
-1.2172941926194458,0.42912992580152565,-0.5681590226895152,-0.4405578299379417,-0.2068954661491513,3
-0.43286374146239287,0.3094762882507267,-0.9200301186623994,-0.1618757773490776,-0.5722253606161208,3
-0.2866195248840619,-0.12635499749866214,-0.6773200476605541,-0.16302506763586735,-0.602403529845789,3
-0.7081023734439145,0.26722912540960553,-0.24733116381626058,-0.35076100017825174,-0.771857511123431,3
0.014717730627164943,-0.25102372943537327,-0.4680364729267714,-0.038051098430772784,-0.42223274226647717,3
-0.8282009126201298,-0.07595182874675668,-0.25398461957135743,-0.005262665628106244,-0.06566257056284446,3
-0.7790676186244072,0.39914437285408055,-0.2684367115868691,0.6450556372546791,-0.08242445937985682,3
-0.5074448885817786,0.3766052046178466,-0.5803553380284079,0.302147801821254,-0.24619832419041413,3
-0.8364167918634584,0.5760862961999147,-0.49620226519726807,0.14201375717744424,0.2545618560074489,3
-0.8216101278165108,-0.39272309315806947,0.020326001017235307,-0.09971849853488202,-0.9177660139116848,3
-0.4035545749724953,0.07479831442033757,-0.4014446602349699,-0.4471361890476496,0.2728126553771168,3
-0.21827722533871877,-0.2387354485036253,-0.5625404540321035,-0.16411164714397347,-0.8742592248404484,3
-0.4605625209047486,0.36266002465659386,-0.5265245117417233,-0.2309504363082852,-0.46929609333970296,3
-0.4532631321415362,0.20008826801248591,-0.04998164438791783,0.13623250464765346,-0.5919032221909482,3
-0.30727947729165955,-0.30569407490578737,-0.14346964491324365,-0.09465648624114031,-0.8559772287282871,3
-0.6517731264695668,0.577033532638483,-0.8512150919848462,-0.05212002134374874,-0.3520384057247884,3
-0.8982994445362593,-0.049889310835773436,-0.5092759982448557,0.2587464396190986,-0.6484020568862993,3
-0.49069428322363084,0.30063012573054126,-0.6256524915495177,0.11067730416893481,0.25738784476399784,3
-0.5572808587387663,0.4270514650206776,-0.16628607040112311,0.2575491501769647,-0.23765112257848597,3
-0.7785239457891042,0.189597914933188,-0.4135580938262602,-0.11789988706051883,0.15138846478676773,3
-0.7425310674946284,0.3155745351773884,-0.173583058013418,0.07534805930823782,-0.01009700511091511,3
-0.5998130731998825,-0.029451376011740898,-0.45937428166763494,-0.25573285815866487,-0.4680351788213035,3
-0.2823797323381362,-0.356659538125155,-0.5050859070414218,-0.33182683845865524,0.26815917841830683,3
-0.759784213663484,0.16671180193036939,-0.2188013955321677,-0.17083518421849544,-0.41641274921537935,3
-0.7462136677950215,0.06150647924123221,-0.5852599163667607,-0.17208504810382041,0.09567642322127695,3
-0.3468973122842547,0.37191657475227224,-0.8568848944517273,-0.3545065143067646,-0.4585310265417043,3
-0.41202899710027396,-0.4047142114408628,-0.06344265705581963,-0.23690795567747797,-0.3782322007421939,3
-0.09213409170723987,-0.22455965885769827,-0.30265620259929327,-0.25127310460146374,-0.5114417344428186,3
-0.31986638140171875,-0.13230674742151335,0.15115091519813162,0.5211381165293684,-0.7631338178502354,3
-0.5023009441462938,0.0724845713195868,0.002517466796307523,-0.15198702147676485,-0.3007762373967067,3
-0.7418137455556255,0.19742347519899117,-0.7414167485805556,-0.4385727476307415,-0.18608239864271003,3
-0.18746721280463877,0.061759346925637164,-0.5271578727700996,0.32928883572839407,-0.5834456207132885,3
-0.6029573361581232,-0.11972523184160351,-0.40248666952322254,0.22418462913154144,-0.539585405990833,3
-0.10360047024136862,0.10900713928806402,-0.42843810930512927,0.4518473341394408,-0.7345793433144305,3
-0.32010412727072013,-0.11550889783605764,-0.44580931957442427,0.0012246405624439655,-0.10127547462788922,3
-0.5497179968511761,0.2168977432306951,-0.18683932331329622,0.001785542687705366,0.39319159435592876,3
-0.5711332369227029,-0.030167683566005223,-0.5476301466868795,-0.08880967365520748,-0.2072660138683662,3
-0.7027939242395577,0.21972032799000565,-0.5408620315383444,-0.16444577784858322,-0.4580655909714445,3
-0.4224951259270806,0.14098020732484642,-0.4273170348830776,-0.11998184095184809,0.07974903720064307,3
-0.568572554336984,-0.5112714546444779,-0.29033098982319666,-0.4092823880820388,-0.5720831186799396,3
-0.137892545959665,0.031791289356665815,-0.5204759279837216,-0.051844727363385565,-0.30402725884591764,3
-0.30988558991922477,0.34204629062676706,-0.2169485710788236,0.01661801647834127,-0.6459070187891651,3
-0.9507170057292584,0.4462046422231863,-0.41393934775814883,0.06463342589418418,-0.19283552724975755,3
-0.28536793412189176,-0.23970792601019614,-0.8449799156608617,0.03774980272191586,-0.582357755702772,3
-0.4999981826116391,0.2793292336287697,-0.4897431224537805,-0.31123117953030394,-0.7495814602802394,3
-0.30082092974395624,0.12348630376726283,0.03896809071130092,0.010715334307590696,-0.7138138135544274,3
-0.7123009813649959,0.25478277199761157,-0.25775462432090035,-0.026703099792186248,0.08932757161420099,3
-0.2518765500820476,-0.30270774581357496,-0.010530972155659152,-0.08600693159136136,-0.9510509574488905,3
-0.8192856084758233,-0.6220814445096952,-0.22174388040754106,-0.16149606552923618,-0.5279544911629108,3
-0.7253588223297931,-0.1256029988147894,-0.5252713238240931,-0.09911185261086645,0.16514548316356095,3
-0.7412850097727728,-0.053129138135061045,-0.3668603140818882,0.3250897338462585,-0.19083190405516168,3
-0.0783393954841398,-0.09405899795192332,-0.1592389844938572,-0.04785504677911565,-0.05220881473453643,3
-1.034538092605624,-0.19194311803782532,-0.4797196987705996,-0.42599540664132046,-0.33669007350310276,3
-0.588834076261293,0.2597144443609006,-0.284153842724084,0.15605703948433747,-0.4247764592094606,3
-0.6681187754213024,-0.33182342737283604,-0.44415734880084634,0.2648139167422644,-0.38174906850598356,3
-0.43695376005430303,0.01979968762631395,-0.31392845769613553,0.041910279906698725,-0.23851266939498306,3
-0.48502735444146083,-0.15811599143941824,-0.6146410549135884,0.06291576563577264,-0.3342352503303586,3
-0.7349144798572269,0.12471591655973802,-0.804266737802203,0.08173432040986098,-0.4598160915456029,3
-0.5398594266726758,0.40412543529269435,-0.6755122573970328,-0.1466945269706355,-0.013250557022665838,3
-0.7405982533015225,-0.0723290037246954,-0.25855210504116943,-0.051744452485616654,-1.1401863641945331,3
-0.7022666899732586,0.4611145459635335,-0.16597997158576866,0.14456362910529436,-0.30850872802451457,3
-0.8554828263723051,0.20153743963558035,-0.6353117354160464,-0.03306552345559072,-0.6326429049874982,3
-0.47201578266920197,0.33303812084637185,-0.4309219717101548,0.10684359693253748,0.19424697948233743,3
-0.8099942424054813,0.19611300480370814,-0.4026577777052703,0.38922975051347675,-0.37365177913370623,3
-0.23603121556618661,0.18812477245337933,0.18193052861431078,-0.021756721626056602,-0.4113897401650026,3
-0.8210757214419536,0.16426052017660284,-0.6105586836672078,0.22401744939617568,-0.3038692465670041,3
-0.16372199338530974,0.14043054228707794,-0.33296722186353755,-0.06745800721824874,-0.7448360442747983,3
-0.4751779584297545,0.7207637974628278,-0.5151494168847282,-0.12430177000741569,0.13323221462562546,3
-0.5806995661203751,0.333349643919033,-0.6733952941342076,-0.06703292737737869,0.2872311649448991,3
-0.43446153288598865,-0.2427810116176372,-0.4182872556529033,-0.08838600277367174,-0.027708038658385552,3
-0.5848221414104721,0.19830887389991148,-0.6863859658991467,0.21080785080976855,-0.23747613161449155,3
-0.7384601780642153,0.01242108371382269,-0.3079828858118708,0.19103937464524204,-0.5419052424250501,3
-0.7427906761161183,0.1289893488781613,-0.3650302537480346,0.10970174480149611,-0.5319701228335614,3
-0.6321002780105702,-0.048462943491966726,-0.6028553246325781,0.15047232717068332,-0.20062924474617816,3
-0.17605738726372253,0.7546238433286634,-0.5996406601498512,-0.11599252689514868,0.220226508621439,3
-0.3639842411847499,-0.3218481902062818,-0.4258437791415107,-0.5593354974700474,-0.6422621968214507,3
-1.111066360382512,0.0031326330105383784,-0.6178591537103896,0.3602177555416119,0.09338824199225379,3
-0.5396911325414722,0.35525287395229066,-0.46726664160850784,-0.313077500602343,-0.051805239373653694,3
-0.6158424173927991,0.19727434667584395,-0.2873782626843589,-0.2385194119970803,-0.2942081714687928,3
-0.538965622579421,-0.03566053309180754,-0.12683207028731946,0.25966059536174824,-0.9723824438749731,3
-1.0103904057248216,0.12187833104195586,-0.8874898161721377,-0.10941714014713194,-0.20977400692425108,3
-0.41046678491678523,0.22145625420210785,-0.9462883023755735,0.018376715074650718,0.2038267231435782,3
-0.4645207781198607,0.02596363457544159,-0.4329298752138563,0.11532861304071934,0.08084644815001753,3
-0.9524174995825199,0.0846728805090993,-0.27899181854485916,-0.16041251617345045,0.39591556990837584,3
-0.29346896388074867,-0.02234732536218546,-0.8033693749628464,0.2746104838045112,-0.12057761028030334,3
-0.3257163522836109,0.11960088657837384,-0.07035892464687954,0.07758991825084276,-0.23926870921345322,3
-0.2731988900135043,0.4573182581531004,-0.5316805162219183,-0.2175057379610074,0.02004939548754328,3
-0.45978766645860614,-0.31561055371734964,0.035738482004132155,-0.031394242661725524,-0.49739584995723285,3
-0.818004638617938,0.13067094754826122,-0.2217765047869123,0.2063646574021294,0.2555858858738444,3
-0.43848432242140944,-0.013249713352134356,-0.6455379826382923,-0.1058059423371322,-0.9622108991965058,3
-0.4023647124444262,-0.5133851658922136,-0.07002111371508397,-0.36424969591400974,-0.9915779564674237,3
-0.8946349301299408,0.10608819946313398,-0.39032046756015487,0.37285682312393487,-0.3372598537791007,3
-0.47582651808021126,0.007958255873954021,-0.3173928748810387,0.44936601692477623,-0.7125202108886642,3
-0.26798950533109783,0.4956417966150293,-0.5445593641493536,0.21165713078377504,-0.5846238537714448,3
-0.052569353954270065,-0.4100435085896171,-0.2533196912781196,-0.575627130951939,-0.8490185357132402,3
0.08488596600619042,0.18810897713845848,0.9180146011218183,0.7603724646587594,-0.1858837916037186,4
0.7720447219808422,0.12423838621731687,-0.5473240002646798,0.5558936424550334,-0.4768251071468299,4
0.5428244322987985,0.11947185814146731,0.18568022844596793,0.49118643257315414,-0.32632128597716853,4
0.4266765084158975,0.44882313580380184,0.4112230901762562,0.5120758053371806,0.030002513346015253,4
0.32002797197413085,0.315785504327427,0.21268830945669373,0.43684078368316326,0.04880641656588275,4
0.7725193241887975,-0.11767936679939212,-0.5051725407960909,0.6827017678851921,-0.34277986808730976,4
-0.3951623730715951,-0.08456129045463702,-0.008749844591453615,0.8859872584897133,-0.291560927665432,4
0.9724750743722508,-0.04731104864516357,-0.46615001833983705,0.7062390657774449,-0.35709452624706683,4
0.3187009501827415,-0.06308482847276949,-0.12143160908769071,0.5529682159783568,-0.24532515332532004,4
0.7120436531694834,-0.06220089463670149,0.179393085049675,0.5610205334106537,3.47634831031729E-4,4
-0.1516481865421761,0.04355749945790689,0.47584387113572457,0.6017381946594114,-0.20823150278643648,4
0.9650579401517988,-0.35236434209823725,-0.22394985970523623,0.3295322035425612,0.4140239845151559,4
0.13924418729916346,0.18773213127448024,0.02776288673008509,0.5812168801252268,-0.34264450306050076,4
0.46515324790994705,0.26966827694567574,0.06039320451281453,0.37389496001154143,0.25955352847770913,4
0.5652200381878519,-0.47495516310271985,-0.05157087606864022,0.32532264018266555,-0.4376407106615954,4
-0.17847444517359157,-0.06037312325190865,0.33643272661466833,0.8892721643928738,-0.40708580809088857,4
0.3800447631030168,-0.46643364052635855,0.08019346872038519,0.39300173472661626,-0.1764127416385044,4
-0.23688497584689705,0.23364904888140697,0.012105169028384877,0.7443779657836553,-0.5679151007181883,4
0.26980061719409487,0.2849339149999177,0.2644249640344825,0.8166011300715167,-0.30927966317744765,4
-0.0442764353311193,-0.09610394223495745,0.3118417831619108,0.5989879121526817,-0.445151006734842,4
0.4634797979976596,-0.05550038908968583,0.24756117199120015,0.7067616450610363,0.322901663211925,4
0.4653764676316749,0.030710284456150223,-0.319284974365138,0.1053532456585661,-0.23183448797006673,4
-0.3452028669251158,-0.4515039799633207,0.31120036638247117,0.6494559124080219,-0.4683519494568802,4
-0.06339570067093098,0.08714754233900229,0.49647930081559205,0.8686998977699623,-0.5277806580807685,4
0.41431500844323393,-0.2391471969773417,0.05693585341337254,0.8449535396585802,-0.0041568930193052744,4
-0.052465017425245716,-0.2420305073504743,-0.06169200592063179,0.5222607104433625,0.014245865296832305,4
0.6863739585080118,-0.3200201715819725,-0.5290613300983348,0.906765220185153,0.1148633034423181,4
-0.44072944432861294,0.16831181900022996,0.509734536045419,0.6604409584242471,-0.17029025045157203,4
-0.34453307788949716,0.2228964561128492,0.01959769539088735,0.5986644197304462,-0.3851540269879185,4
0.5357873829394016,-0.3163439870358815,-0.23237480030368257,0.6033010292390507,0.1687647003146321,4
-0.32702341432299875,0.06812175078056233,0.11041693910230696,0.16727967453212214,-0.12125910938532114,4
0.46859959136863444,-0.5992163161124305,0.03684318880245355,0.4597939796055388,-0.22016180262410256,4
-0.251877352048773,-0.10800152116675375,0.34132852325903906,0.15556218678316186,-0.26450126443946664,4
-0.02982619976949391,-0.13444990360951603,0.5453938787300548,0.9150678946445321,-0.08192899815457289,4
0.16721874212851767,-0.15153078244897727,0.603463386479563,0.6346194017149762,0.2150380788402104,4
0.09424697097025156,-0.43582641501317304,0.13766034901984897,0.8400701609425346,0.009663598211545665,4
0.6888061328482086,-0.29349026039051024,0.11483260083843749,0.7598011871557206,-0.32935552553065606,4
0.3872696123324549,-0.21011327797779875,0.40585082291843466,0.7062200802847198,-0.1565233976238754,4
-0.015971143054360204,0.25276919862391617,0.621291761385788,0.8012405077438435,-0.1420385095828831,4
-0.428047358897205,-0.12486075216221917,0.02154460130080249,0.9309233870954944,-0.6855574822245241,4
0.04276522702656824,0.0028226056394803035,-0.04929540002385224,0.8830493505508923,0.0336663077547375,4
-0.3519638597009716,-0.2796529790804046,0.35633349605498826,0.36080135193765533,0.1056130344080313,4
0.19130425225947284,-0.73829559201824,0.06771233328796086,0.44680743153264424,-0.049492342614823825,4
-0.1476592688471336,0.08201553381785529,-0.12418046785776798,0.7447367977463639,-0.7049189763027367,4
0.19034862469252112,-0.03494345660290765,0.5089057458813055,1.0188420185849385,-0.08342453169656122,4
-0.14094901043906782,0.06599214915688073,0.3520165247291421,0.6441238734019279,-0.42026703647392066,4
-0.21973428276256884,-0.24821396856914005,0.32882437225913563,0.8767423033563675,-0.00397489468171075,4
-0.44469747982416535,-0.3514135745495005,0.35673438601623664,0.5956648411680464,-0.3696874775363372,4
0.020449508544930557,-0.025144502253803467,-0.07364618178801513,0.5563753890640408,0.05719948753536849,4
0.17525344391085773,-0.2728678375979068,-0.18668901778952396,0.9970357030682584,-0.2620122738001461,4
0.015035562414224962,0.2562732785646476,0.08900994792647332,0.4743853026738253,-0.048230137703000414,4
-0.3764953149239664,-0.10546995767277649,0.5496816019093026,1.1812230161956705,-0.08469392029397871,4
-0.44319279330172834,-0.1918113140873266,-0.08294477591752136,0.5757869631766644,-0.3812222635888163,4
0.5309569326128705,-0.050833525383436,0.05759906837550785,0.2974809517392729,0.015763144006442298,4
0.03682662423683197,-0.23430878159448698,0.42772760484699873,0.9166267500512648,-0.20918346539444116,4
-0.16005920086979675,-0.2764708200246772,0.2587012761589524,0.9816613245278473,-0.08192293884118351,4
0.30337536521454733,-0.028962648881832816,-0.1783212274674147,0.8546083733596685,0.36392413028707865,4
-0.013590847689485153,-0.5004419245213255,0.21064498936731108,1.025040266972964,-0.32291949315479396,4
0.7615677672533467,0.2099781127272076,0.010688504215535494,0.39529047907498693,-0.16179045647643323,4
0.7160932137441025,0.04572165243220239,0.1299051245133001,0.7018377849656351,-0.15423776477984674,4
0.6709095346689933,0.14687840137001554,-0.21470677944024122,0.5893163831297565,0.306815988356085,4
-0.016421356941308363,0.1307909090739469,0.3150690766749689,0.9548951357332832,-0.4833334828830922,4
0.18420568680698393,0.1286988253299961,0.43960344893331127,0.7182943991528774,0.1555317291018103,4
0.21188796082477393,-0.25942572669121167,0.46664627146601934,0.6114917748774484,-0.1555684862103448,4
0.7681561415541212,0.1477004892374468,-0.46037519412610806,0.5966484472776767,-0.0716125147408696,4
0.4489451779855652,-0.16289441946351052,-0.02934764130383255,0.42561090656146594,-0.018517303993575124,4
0.9888616894508202,-0.19630344716187445,0.3294094775748956,0.7868858216765411,0.08449710440444308,4
1.0987647454390337,0.32341720009715086,0.06435827531343363,0.663013157686428,-0.2969396389823008,4
0.7213112041887599,0.17904044929075427,0.250440973510675,0.47416471325527126,0.23009767525546537,4
0.15348810815060504,-0.0646957950814761,0.08005039396044156,1.1854076967195988,-0.27939915248086006,4
-0.0032436208485090434,-0.013364371754727274,0.3270209827952443,0.6640795018743538,-0.7834805293456498,4
-0.3355472587890829,-0.06646165044785143,0.20007043387491102,0.7133686432962122,-0.6499203753649613,4
0.22330339177126848,0.23549957246127623,0.5989234054241075,0.49728571472952804,0.05955720251311958,4
0.5151472425560915,0.4482931902577637,4.944152047723083E-4,0.2792048023530454,-0.1516932005653009,4
0.6250102114696447,-0.23466965911150867,-0.027273432006942572,0.2532434416657,-0.4642236943505547,4
-0.11983833335249733,0.11523163075162597,-0.2641296059230486,0.6985607854971431,-0.282368649230635,4
0.6774065803118777,0.2647697222180281,-0.19272719278333336,0.3605951809719173,-0.0823391209812922,4
0.5945168238653423,-0.2423974911293384,0.08155457652265768,0.9424113313471654,-0.10381678230239377,4
0.28824125610488477,-0.3189788369477421,0.018311995038684803,0.7062630695591208,-0.007778589462991536,4
0.004648645499677084,-0.4215986461004947,0.1320504035786474,0.5906830610468875,-0.14994933970615507,4
0.16282300853220794,-0.2859295043714414,-0.16137875157343395,0.6536873213888218,-0.4186409652637396,4
-0.20092732551885784,0.22566534548002387,0.36927369352972705,0.6607292291420619,0.12330447693711333,4
0.612559972149137,-0.006559987144640948,0.1903255082364913,0.8990574625845785,-0.32632570122464066,4
0.6966895754422403,-0.16722639134193173,-0.41879939228251645,0.8051271585133083,0.0049847293544848514,4
0.9311739571226579,0.182731119926116,-0.10972613291183098,0.22424062672493822,-0.3723571015752583,4
-0.169519729736125,-0.02676049009517688,0.5311625405045416,0.7630038994565225,0.007941085659494251,4
0.26388684324906675,-0.2472988759334699,0.3861683497339118,0.7342527879966028,-0.39535116693053524,4
0.5691907420316689,0.028279711259656056,-0.3682850060926066,0.9091012561720716,0.189177828449217,4
0.5383785798788596,-0.29714402471342527,0.022881244806444545,0.7894548037103133,-0.2068337855748149,4
-0.26226711753525134,-0.2851575691142573,-0.022805901238916293,0.9749933166391802,-0.27312253213637416,4
0.5613630690922575,0.04989728096228143,0.2679772168653736,0.9820426712154503,-0.25219456229246096,4
0.0548290949353655,-0.4033891194293565,-0.03733820790219411,0.89147491333289,-0.5825351212799971,4
0.6292631954020791,0.01045123882529249,0.13616215012500224,0.6549377377326684,0.2708065108604423,4
-0.15916256141169577,0.19298254944727644,0.31480195061888094,0.7556597520589574,-0.8656833279177443,4
0.40032446683386824,-0.022695945803268933,-0.29507741986138153,0.45612334412071376,-0.40363891361099485,4
0.2793698304222667,0.08518053607768616,0.1512221626302007,0.6993535013994773,-0.09124821892455881,4
0.11542252349212226,-0.042999036904621285,0.046619838858727336,0.9242643578521235,-0.6074853119492483,4
0.26148015618705805,-0.34857524673028806,0.2794549301835462,0.17513543505450213,-0.5405277498512738,4
3.3361961028555154E-4,-0.03787083809708711,0.6482354811552381,0.6143612245566463,-0.363862106553192,4
0.5256743571690022,0.09255411238537094,-0.200377784263756,1.0077203185731705,0.0775988979040046,4
0.6805821505870191,-0.3453828986679556,0.2053585028765809,0.7079210929899573,-0.17596004030414716,4
0.5275191431812503,-0.08308292947474825,-0.4689551054185148,0.39860369628013204,-0.15057242905299684,4
-0.080623032851657,-0.008487903149685883,0.4863691305726796,0.5639563257535971,-0.13937248209984496,4
0.6364481744577717,-0.5028639229859563,-0.015958363841654555,0.5553683142896085,-0.22240312962523318,4
0.35416790674195,0.20252714640688327,0.36628084103788655,0.5062332912534382,-0.14047510707355348,4
0.37066451230812414,0.04854179880978741,0.2248281964181465,0.8921436747900324,-0.08814447922089169,4
0.11511300872124998,-0.36477729110115487,0.07212536563565555,0.4094920947784644,0.208309872865673,4
0.7549863681025134,-0.5554483921054809,-0.07284256637186504,0.3287668759542258,0.032213050438554464,4
0.08482439586041136,-0.17185880395668138,-0.10368810223231184,0.6320849026948043,-0.3359367666309154,4
-0.22663867606345087,-0.013274099185482937,0.046047240135418,0.7622602600314652,-0.47507262197795574,4
0.13754016230445348,0.23306445857770233,0.3941465944792126,0.36988804498652944,0.17734717719509763,4
-0.29844937163810537,-0.38447171998277735,0.2658125564559701,1.285431119709438,-0.29709629050536795,4
-0.033296619537359906,-0.08874478298661316,0.45889701553691536,0.9115930145351316,-0.6446273971450016,4
0.3276031529452726,-0.299442641091676,0.13523146923499685,0.3361675177780643,-0.6013331699779478,4
0.30406616888489346,-0.13013616821539092,-0.1720867876631949,0.35738962106646455,-0.26878113011402877,4
0.13333810443991687,-0.18656940895729374,-0.2912305915345744,0.7231637008742092,-0.225243689790085,4
-0.015646030233991276,-0.009822165166349199,0.029872496268874005,0.6982731804702839,-0.4084860619828484,4
-0.0017390036374562712,0.020180909014320337,0.3882818095112764,0.8541096608502277,-0.34506252917396973,4
0.646721739921821,-0.09296382715054513,0.29341052722230887,0.5865115519429854,-0.4723052289389247,4
-0.22609175726544128,0.08372357002626922,0.45262167400385567,0.7012611289117928,0.19412097233841796,4
0.18040644337589667,0.08138899529661386,0.5287794994452476,0.9721044744409126,-0.06336780730021457,4
0.40644590367344413,-0.5444106336388692,-0.07659599303498521,0.9626816170149776,-0.011397477877238826,4
0.8523912020712925,-0.19285520834195102,0.20806034482957758,0.5737280937136161,-0.09957065066577869,4
0.7209505195067875,0.1235099135582492,-0.5456814390228942,0.41856965820294534,-0.20163923889076985,4
0.4193101738115375,0.06377112979186203,0.3528500826654121,0.6357856577274608,-0.10083183112083233,4
0.9259313354713371,0.08241848521927708,0.24549540850700102,0.40151971596321245,0.12751822225487805,4
0.2349875119252003,-0.29984949967015206,-0.09980556429545334,0.6876485447000522,-0.24357744930265343,4
0.31388843982840203,-0.07159884959914901,0.11475862564469264,0.6810851136658591,-0.5484180246498255,4
0.38622169107861876,-0.0849583791725652,0.12265907275004695,0.6935206082167258,0.250346537656804,4
0.6805848563367427,-0.022331523262169386,-0.0761060881401654,0.4049108080300233,-0.3160304392167224,4
0.1547981815307202,0.1696039989285383,0.22748128526721606,0.9337346034315459,0.19262680781556107,4
-0.258260692883574,-0.2645075470066138,0.13975020685787015,0.5604172360594541,0.20767651292008021,4
0.39947313218204983,0.18212645148320264,-0.3067400500060948,0.681182150914169,-0.16511649216994495,4
-0.2539446503725462,-0.23461975139587304,-0.0011252858445852665,0.8793399028412838,-0.34342994314877595,4
-0.1636714119231844,0.11309834382646744,0.51232235551668,0.5248715004035763,-0.023622606691020065,4
0.74957070223004,0.3308369568124795,-0.128674913082712,0.47414493725389634,-0.12491508141604674,4
0.3425341967878259,0.054736034746676474,0.3640987065562933,0.8962762297546003,0.041302840219457904,4
-0.2317606729101253,-0.18933090811036302,-0.12847877937155813,0.6799601076158984,-0.11236597117579294,4
0.28604582007132623,0.08613110980606935,-0.45937240923868156,0.4879108033196936,-0.15880105208849596,4
0.5995507637493181,-0.21006069625295662,0.2628146690615573,0.5667440681966154,-0.4441808537988992,4
0.16162881142272806,0.033677634666129795,0.28289136025270395,0.41639636254211615,-0.05888132806022364,4
0.21455713391294234,-0.11175796979666623,-0.06481635160692836,0.6176510103273488,-0.07516327279458451,4
-0.05692573578205329,-0.31835772934877393,-0.046195817505079895,1.1307307303824896,-0.13621090210046533,4
0.6456197259302914,-0.19192995857449535,0.06720530328488405,0.688935024830393,-0.49349160429768857,4
0.22179376912393595,-0.25660045569960727,0.2704901460626851,0.5469983695692529,-0.6563857528794095,4
0.31687081213399054,0.30383265843727486,0.2399455828998469,0.5638926405500937,-0.16170984561325713,4
0.17178215128723595,0.2927086389809982,0.3507059546261434,0.8315804011659664,-0.1029684980453951,4
0.9490854020790813,0.1398043419283191,-0.10620442447935438,0.4204228111286935,-0.004636497342633744,4
-0.21655445292759382,-0.0195445018716567,0.134342543522421,0.6020879791440255,-0.10783463487566522,4
-0.3493545715587053,0.030940601165547386,0.02197811507175329,0.6023933096667515,-0.4441767845317584,4
0.8407925846903853,-0.2541094776289372,-0.48123784221090793,0.8589081396365501,-0.09963859530637309,4
0.4058847265310831,-0.10658223981831479,-0.06947456425914705,0.3663662705701951,-0.3196024863967912,4
-0.41259470335379456,-0.21728105608849785,0.20647603526625286,1.0830244052545082,-0.32709581211124006,4
0.3204524988322494,-0.4584160794049057,-0.1300420505885976,0.5991776316187104,0.32378532201059296,4
-0.23032231164386852,0.06259107385899251,0.013200054803331585,0.7350593429451641,-0.13742817973073973,4
0.5393610188640593,0.08308814865739508,0.25031658506909504,0.7116030261629902,0.2826253278630385,4
0.32570324505272413,0.12636399048146313,0.49195020745329443,0.8723348492253821,-0.21362588938775934,4
0.2857971737907923,-0.05588281220433295,0.35941273350722086,0.9387040612210023,-0.14418464328215713,4
-0.45101174464412325,-0.05574572895558111,0.38794648907234835,0.9201480581950049,-0.4814905394611163,4
0.4076219273438464,-0.0046480511949333544,0.3126455198785858,0.45640648897611436,0.057813212055124436,4
-0.16108010150173435,0.18278051121056346,0.4408078363498972,0.9631320593216238,0.07747827802590013,4
0.05884844108385989,-0.09873522910585009,0.4320385088637317,0.9177109956498755,-0.42844769450382536,4
-0.25919894580423164,-0.3863829391239608,0.20628729325249962,0.7900979765484292,-0.26249114214598024,4
-0.208962862629687,-0.240280521161753,0.8063018505801072,0.753792620652059,-0.4650703195833524,4
-0.005434773702532536,-0.14614896147025425,0.5619871710742419,0.728677689801996,-0.23925622440530317,4
0.3048833433977609,0.21228709247233019,0.11725666172216251,0.8444827570428526,0.12950745775224587,4
-0.39130804054779433,0.01811124723776468,-0.030429605929529313,0.5077077552718494,-0.19845335130117162,4
0.15927191393198747,-0.3313123350735865,0.3360833162844513,1.1067900383717177,-0.2508891233378608,4
0.8213611348511318,-0.04165199959213927,-0.34178095938861086,0.42595880525912366,-0.06981157449749956,4
-0.20780549758368666,-0.01765967140742817,0.27382287896359847,1.0724101159547805,0.17825805261216843,4
0.056895722299459994,-0.14685117655318874,0.36352159198843725,1.0607493105208863,-0.33797201607856137,4
0.08033199406222952,0.1039994517232634,0.7680435727179891,0.7923532065905559,-0.6151185002689631,4
0.5442583485788779,-0.12691787756959916,0.16257869445546747,0.7725414033746851,-0.1013472617424016,4
0.05371867962374957,0.08780438919710874,0.29653648919663966,0.6771589054453561,-0.045692830785016625,4
0.754609714707156,-0.22629573123265354,-0.5403598656706329,0.509367968999363,0.05144384352326656,4
0.4014890763115637,-0.12091876709443111,0.0840730087120228,0.5841737167898681,0.4381639256104946,4
0.4443270167635932,-0.5272679797733368,-0.15333957396521053,0.8677488617666269,-0.15174797991052563,4
0.6359092517576811,-0.10451995685512441,0.1526567467356304,0.910979963719383,-0.2860382574178555,4
0.48450210581876063,-0.16339643888026065,-0.017384230969849424,0.6166106804280987,-0.1257007715769768,4
0.09026734936320102,0.059349146641468925,0.5139111455096244,1.0949301772614652,-0.042155362075391944,4
1.1096274101235697,0.22838110817493815,-0.4814484123145278,0.6812683661640206,-0.5039871642825376,4
0.26910945950216336,0.48301050786129357,-0.037550277089464346,0.5608665458797701,-0.22852232642036946,4
0.6711853812516533,0.45457387587832865,-0.12103767453798409,0.9202236982185092,0.33283740267598644,4
0.02315638237115275,0.37335368573179584,0.7664505587882126,0.5002716251734755,-0.3201825587752628,4
0.060738330588925,-0.08065620814734176,0.37207109080916545,0.6749144036876272,0.023570160011029018,4
0.33998652263794515,0.31389544402356956,0.04539711426928039,0.5529587703156458,-0.3952825628011209,4
-0.45448186872801494,0.2186764275835306,0.03855505863595693,0.6189788699278714,-0.19285300143299874,4
0.5056850448808975,-0.34347709585916336,-0.12714390439247095,0.510321674802817,-0.2635693970757551,4
0.3729461278868247,-0.19309590397409834,-0.2584300763850105,0.6146130338962551,6.836721708388116E-4,4