"b_combat","b_sensor","b_fire","b_commr","r_fitness","b_fitness","class"
-10,2,2,2,0.511425,0.488575,0
-10,2,2,8,0.511425,0.488575,0
-10,4,4,8,0.38273,0.61727,0
0,8,4,8,0.5795,0.4205,0
0,8,4,8,0.5795,0.4205,2
0,8,4,8,0.5795,0.4205,1
0,8,4,10,0.5795,0.4205,0
0,8,4,10,0.5795,0.4205,2
0,8,4,10,0.5795,0.4205,1
0,8,6,2,0.330645,0.669355,0
0,8,6,2,0.330645,0.669355,2
0,8,6,2,0.330645,0.669355,1
0,8,6,4,0.330645,0.669355,0
-10,4,4,8,0.38273,0.61727,2
0,8,6,4,0.330645,0.669355,2
0,8,6,4,0.330645,0.669355,1
0,8,6,6,0.330645,0.669355,0
0,8,6,6,0.330645,0.669355,2
0,8,6,6,0.330645,0.669355,1
0,8,6,8,0.330645,0.669355,0
0,8,6,8,0.330645,0.669355,2
0,8,6,8,0.330645,0.669355,1
0,8,6,10,0.330645,0.669355,0
0,8,6,10,0.330645,0.669355,2
-10,4,4,8,0.38273,0.61727,1
0,8,6,10,0.330645,0.669355,1
0,8,8,2,0,1,0
0,8,8,2,0,1,2
0,8,8,2,0,1,1
0,8,8,4,0,1,0
0,8,8,4,0,1,2
0,8,8,4,0,1,1
0,8,8,6,0,1,0
0,8,8,6,0,1,2
0,8,8,6,0,1,1
-10,4,4,10,0.38273,0.61727,0
0,8,8,8,0,1,0
0,8,8,8,0,1,2
0,8,8,8,0,1,1
0,8,8,10,0,1,0
0,8,8,10,0,1,2
0,8,8,10,0,1,1
0,8,10,2,0,1,0
0,8,10,2,0,1,2
0,8,10,2,0,1,1
0,8,10,4,0,1,0
-10,4,4,10,0.38273,0.61727,2
0,8,10,4,0,1,2
0,8,10,4,0,1,1
0,8,10,6,0,1,0
0,8,10,6,0,1,2
0,8,10,6,0,1,1
0,8,10,8,0,1,0
0,8,10,8,0,1,2
0,8,10,8,0,1,1
0,8,10,10,0,1,0
0,8,10,10,0,1,2
-10,4,4,10,0.38273,0.61727,1
0,8,10,10,0,1,1
0,10,2,2,0.58422,0.41578,0
0,10,2,2,0.58422,0.41578,2
0,10,2,2,0.58422,0.41578,1
0,10,2,4,0.58422,0.41578,0
0,10,2,4,0.58422,0.41578,2
0,10,2,4,0.58422,0.41578,1
0,10,2,6,0.58422,0.41578,0
0,10,2,6,0.58422,0.41578,2
0,10,2,6,0.58422,0.41578,1
-10,4,6,2,0.38273,0.61727,0
0,10,2,8,0.58422,0.41578,0
0,10,2,8,0.58422,0.41578,2
0,10,2,8,0.58422,0.41578,1
0,10,2,10,0.58422,0.41578,0
0,10,2,10,0.58422,0.41578,2
0,10,2,10,0.58422,0.41578,1
0,10,4,2,0.58346,0.41654,0
0,10,4,2,0.58346,0.41654,2
0,10,4,2,0.58346,0.41654,1
0,10,4,4,0.58346,0.41654,0
-10,4,6,2,0.38273,0.61727,2
0,10,4,4,0.58346,0.41654,2
0,10,4,4,0.58346,0.41654,1
0,10,4,6,0.58346,0.41654,0
0,10,4,6,0.58346,0.41654,2
0,10,4,6,0.58346,0.41654,1
0,10,4,8,0.58346,0.41654,0
0,10,4,8,0.58346,0.41654,2
0,10,4,8,0.58346,0.41654,1
0,10,4,10,0.58346,0.41654,0
0,10,4,10,0.58346,0.41654,2
-10,4,6,2,0.38273,0.61727,1
0,10,4,10,0.58346,0.41654,1
0,10,6,2,0.56686,0.43314,0
0,10,6,2,0.56686,0.43314,2
0,10,6,2,0.56686,0.43314,1
0,10,6,4,0.56686,0.43314,0
0,10,6,4,0.56686,0.43314,2
0,10,6,4,0.56686,0.43314,1
0,10,6,6,0.56686,0.43314,0
0,10,6,6,0.56686,0.43314,2
0,10,6,6,0.56686,0.43314,1
-10,4,6,4,0.38273,0.61727,0
0,10,6,8,0.56686,0.43314,0
0,10,6,8,0.56686,0.43314,2
0,10,6,8,0.56686,0.43314,1
0,10,6,10,0.56686,0.43314,0
0,10,6,10,0.56686,0.43314,2
0,10,6,10,0.56686,0.43314,1
0,10,8,2,0.31785,0.68215,0
0,10,8,2,0.31785,0.68215,2
0,10,8,2,0.31785,0.68215,1
0,10,8,4,0.31785,0.68215,0
-10,2,2,8,0.511425,0.488575,2
-10,4,6,4,0.38273,0.61727,2
0,10,8,4,0.31785,0.68215,2
0,10,8,4,0.31785,0.68215,1
0,10,8,6,0.31785,0.68215,0
0,10,8,6,0.31785,0.68215,2
0,10,8,6,0.31785,0.68215,1
0,10,8,8,0.31785,0.68215,0
0,10,8,8,0.31785,0.68215,2
0,10,8,8,0.31785,0.68215,1
0,10,8,10,0.31785,0.68215,0
0,10,8,10,0.31785,0.68215,2
-10,4,6,4,0.38273,0.61727,1
0,10,8,10,0.31785,0.68215,1
0,10,10,2,0,1,0
0,10,10,2,0,1,2
0,10,10,2,0,1,1
0,10,10,4,0,1,0
0,10,10,4,0,1,2
0,10,10,4,0,1,1
0,10,10,6,0,1,0
0,10,10,6,0,1,2
0,10,10,6,0,1,1
-10,4,6,6,0.38273,0.61727,0
0,10,10,8,0,1,0
0,10,10,8,0,1,2
0,10,10,8,0,1,1
0,10,10,10,0,1,0
0,10,10,10,0,1,2
0,10,10,10,0,1,1
5,2,2,2,0.53853,0.46147,0
5,2,2,2,0.53853,0.46147,2
5,2,2,2,0.53853,0.46147,1
5,2,2,4,0.53853,0.46147,0
-10,4,6,6,0.38273,0.61727,2
5,2,2,4,0.53853,0.46147,2
5,2,2,4,0.53853,0.46147,1
5,2,2,6,0.53853,0.46147,0
5,2,2,6,0.53853,0.46147,2
5,2,2,6,0.53853,0.46147,1
5,2,2,8,0.53853,0.46147,0
5,2,2,8,0.53853,0.46147,2
5,2,2,8,0.53853,0.46147,1
5,2,2,10,0.53853,0.46147,0
5,2,2,10,0.53853,0.46147,2
-10,4,6,6,0.38273,0.61727,1
5,2,2,10,0.53853,0.46147,1
5,2,4,2,0.53853,0.46147,0
5,2,4,2,0.53853,0.46147,2
5,2,4,2,0.53853,0.46147,1
5,2,4,4,0.53853,0.46147,0
5,2,4,4,0.53853,0.46147,2
5,2,4,4,0.53853,0.46147,1
5,2,4,6,0.53853,0.46147,0
5,2,4,6,0.53853,0.46147,2
5,2,4,6,0.53853,0.46147,1
-10,4,6,8,0.38273,0.61727,0
5,2,4,8,0.53853,0.46147,0
5,2,4,8,0.53853,0.46147,2
5,2,4,8,0.53853,0.46147,1
5,2,4,10,0.53853,0.46147,0
5,2,4,10,0.53853,0.46147,2
5,2,4,10,0.53853,0.46147,1
5,2,6,2,0.53853,0.46147,0
5,2,6,2,0.53853,0.46147,2
5,2,6,2,0.53853,0.46147,1
5,2,6,4,0.53853,0.46147,0
-10,4,6,8,0.38273,0.61727,2
5,2,6,4,0.53853,0.46147,2
5,2,6,4,0.53853,0.46147,1
5,2,6,6,0.53853,0.46147,0
5,2,6,6,0.53853,0.46147,2
5,2,6,6,0.53853,0.46147,1
5,2,6,8,0.53853,0.46147,0
5,2,6,8,0.53853,0.46147,2
5,2,6,8,0.53853,0.46147,1
5,2,6,10,0.53853,0.46147,0
5,2,6,10,0.53853,0.46147,2
-10,4,6,8,0.38273,0.61727,1
5,2,6,10,0.53853,0.46147,1
5,2,8,2,0.53853,0.46147,0
5,2,8,2,0.53853,0.46147,2
5,2,8,2,0.53853,0.46147,1
5,2,8,4,0.53853,0.46147,0
5,2,8,4,0.53853,0.46147,2
5,2,8,4,0.53853,0.46147,1
5,2,8,6,0.53853,0.46147,0
5,2,8,6,0.53853,0.46147,2
5,2,8,6,0.53853,0.46147,1
-10,4,6,10,0.38273,0.61727,0
5,2,8,8,0.53853,0.46147,0
5,2,8,8,0.53853,0.46147,2
5,2,8,8,0.53853,0.46147,1
5,2,8,10,0.53853,0.46147,0
5,2,8,10,0.53853,0.46147,2
5,2,8,10,0.53853,0.46147,1
5,2,10,2,0.53853,0.46147,0
5,2,10,2,0.53853,0.46147,2
5,2,10,2,0.53853,0.46147,1
5,2,10,4,0.53853,0.46147,0
-10,4,6,10,0.38273,0.61727,2
5,2,10,4,0.53853,0.46147,2
5,2,10,4,0.53853,0.46147,1
5,2,10,6,0.53853,0.46147,0
5,2,10,6,0.53853,0.46147,2
5,2,10,6,0.53853,0.46147,1
5,2,10,8,0.53853,0.46147,0
5,2,10,8,0.53853,0.46147,2
5,2,10,8,0.53853,0.46147,1
5,2,10,10,0.53853,0.46147,0
5,2,10,10,0.53853,0.46147,2
-10,2,2,8,0.511425,0.488575,1
-10,4,6,10,0.38273,0.61727,1
5,2,10,10,0.53853,0.46147,1
5,4,2,2,0.58262,0.41738,0
5,4,2,2,0.58262,0.41738,2
5,4,2,2,0.58262,0.41738,1
5,4,2,4,0.58262,0.41738,0
5,4,2,4,0.58262,0.41738,2
5,4,2,4,0.58262,0.41738,1
5,4,2,6,0.58262,0.41738,0
5,4,2,6,0.58262,0.41738,2
5,4,2,6,0.58262,0.41738,1
-10,4,8,2,0.38273,0.61727,0
5,4,2,8,0.58262,0.41738,0
5,4,2,8,0.58262,0.41738,2
5,4,2,8,0.58262,0.41738,1
5,4,2,10,0.58262,0.41738,0
5,4,2,10,0.58262,0.41738,2
5,4,2,10,0.58262,0.41738,1
5,4,4,2,0.574475,0.425525,0
5,4,4,2,0.574475,0.425525,2
5,4,4,2,0.574475,0.425525,1
5,4,4,4,0.574475,0.425525,0
-10,4,8,2,0.38273,0.61727,2
5,4,4,4,0.574475,0.425525,2
5,4,4,4,0.574475,0.425525,1
5,4,4,6,0.574475,0.425525,0
5,4,4,6,0.574475,0.425525,2
5,4,4,6,0.574475,0.425525,1
5,4,4,8,0.574475,0.425525,0
5,4,4,8,0.574475,0.425525,2
5,4,4,8,0.574475,0.425525,1
5,4,4,10,0.574475,0.425525,0
5,4,4,10,0.574475,0.425525,2
-10,4,8,2,0.38273,0.61727,1
5,4,4,10,0.574475,0.425525,1
5,4,6,2,0.574475,0.425525,0
5,4,6,2,0.574475,0.425525,2
5,4,6,2,0.574475,0.425525,1
5,4,6,4,0.574475,0.425525,0
5,4,6,4,0.574475,0.425525,2
5,4,6,4,0.574475,0.425525,1
5,4,6,6,0.574475,0.425525,0
5,4,6,6,0.574475,0.425525,2
5,4,6,6,0.574475,0.425525,1
-10,4,8,4,0.38273,0.61727,0
5,4,6,8,0.574475,0.425525,0
5,4,6,8,0.574475,0.425525,2
5,4,6,8,0.574475,0.425525,1
5,4,6,10,0.574475,0.425525,0
5,4,6,10,0.574475,0.425525,2
5,4,6,10,0.574475,0.425525,1
5,4,8,2,0.574475,0.425525,0
5,4,8,2,0.574475,0.425525,2
5,4,8,2,0.574475,0.425525,1
5,4,8,4,0.574475,0.425525,0
-10,4,8,4,0.38273,0.61727,2
5,4,8,4,0.574475,0.425525,2
5,4,8,4,0.574475,0.425525,1
5,4,8,6,0.574475,0.425525,0
5,4,8,6,0.574475,0.425525,2
5,4,8,6,0.574475,0.425525,1
5,4,8,8,0.574475,0.425525,0
5,4,8,8,0.574475,0.425525,2
5,4,8,8,0.574475,0.425525,1
5,4,8,10,0.574475,0.425525,0
5,4,8,10,0.574475,0.425525,2
-10,4,8,4,0.38273,0.61727,1
5,4,8,10,0.574475,0.425525,1
5,4,10,2,0.574475,0.425525,0
5,4,10,2,0.574475,0.425525,2
5,4,10,2,0.574475,0.425525,1
5,4,10,4,0.574475,0.425525,0
5,4,10,4,0.574475,0.425525,2
5,4,10,4,0.574475,0.425525,1
5,4,10,6,0.574475,0.425525,0
5,4,10,6,0.574475,0.425525,2
5,4,10,6,0.574475,0.425525,1
-10,4,8,6,0.38273,0.61727,0
5,4,10,8,0.574475,0.425525,0
5,4,10,8,0.574475,0.425525,2
5,4,10,8,0.574475,0.425525,1
5,4,10,10,0.574475,0.425525,0
5,4,10,10,0.574475,0.425525,2
5,4,10,10,0.574475,0.425525,1
5,6,2,2,0.56678,0.43322,0
5,6,2,2,0.56678,0.43322,2
5,6,2,2,0.56678,0.43322,1
5,6,2,4,0.56678,0.43322,0
-10,4,8,6,0.38273,0.61727,2
5,6,2,4,0.56678,0.43322,2
5,6,2,4,0.56678,0.43322,1
5,6,2,6,0.56678,0.43322,0
5,6,2,6,0.56678,0.43322,2
5,6,2,6,0.56678,0.43322,1
5,6,2,8,0.56678,0.43322,0
5,6,2,8,0.56678,0.43322,2
5,6,2,8,0.56678,0.43322,1
5,6,2,10,0.56678,0.43322,0
5,6,2,10,0.56678,0.43322,2
-10,4,8,6,0.38273,0.61727,1
5,6,2,10,0.56678,0.43322,1
5,6,4,2,0.572495,0.427505,0
5,6,4,2,0.572495,0.427505,2
5,6,4,2,0.572495,0.427505,1
5,6,4,4,0.572495,0.427505,0
5,6,4,4,0.572495,0.427505,2
5,6,4,4,0.572495,0.427505,1
5,6,4,6,0.572495,0.427505,0
5,6,4,6,0.572495,0.427505,2
5,6,4,6,0.572495,0.427505,1
-10,2,2,10,0.511425,0.488575,0
-10,4,8,8,0.38273,0.61727,0
5,6,4,8,0.572495,0.427505,0
5,6,4,8,0.572495,0.427505,2
5,6,4,8,0.572495,0.427505,1
5,6,4,10,0.572495,0.427505,0
5,6,4,10,0.572495,0.427505,2
5,6,4,10,0.572495,0.427505,1
5,6,6,2,0.515385,0.484615,0
5,6,6,2,0.515385,0.484615,2
5,6,6,2,0.515385,0.484615,1
5,6,6,4,0.515385,0.484615,0
-10,4,8,8,0.38273,0.61727,2
5,6,6,4,0.515385,0.484615,2
5,6,6,4,0.515385,0.484615,1
5,6,6,6,0.515385,0.484615,0
5,6,6,6,0.515385,0.484615,2
5,6,6,6,0.515385,0.484615,1
5,6,6,8,0.515385,0.484615,0
5,6,6,8,0.515385,0.484615,2
5,6,6,8,0.515385,0.484615,1
5,6,6,10,0.515385,0.484615,0
5,6,6,10,0.515385,0.484615,2
-10,4,8,8,0.38273,0.61727,1
5,6,6,10,0.515385,0.484615,1
5,6,8,2,0.515385,0.484615,0
5,6,8,2,0.515385,0.484615,2
5,6,8,2,0.515385,0.484615,1
5,6,8,4,0.515385,0.484615,0
5,6,8,4,0.515385,0.484615,2
5,6,8,4,0.515385,0.484615,1
5,6,8,6,0.515385,0.484615,0
5,6,8,6,0.515385,0.484615,2
5,6,8,6,0.515385,0.484615,1
-10,4,8,10,0.38273,0.61727,0
5,6,8,8,0.515385,0.484615,0
5,6,8,8,0.515385,0.484615,2
5,6,8,8,0.515385,0.484615,1
5,6,8,10,0.515385,0.484615,0
5,6,8,10,0.515385,0.484615,2
5,6,8,10,0.515385,0.484615,1
5,6,10,2,0.515385,0.484615,0
5,6,10,2,0.515385,0.484615,2
5,6,10,2,0.515385,0.484615,1
5,6,10,4,0.515385,0.484615,0
-10,4,8,10,0.38273,0.61727,2
5,6,10,4,0.515385,0.484615,2
5,6,10,4,0.515385,0.484615,1
5,6,10,6,0.515385,0.484615,0
5,6,10,6,0.515385,0.484615,2
5,6,10,6,0.515385,0.484615,1
5,6,10,8,0.515385,0.484615,0
5,6,10,8,0.515385,0.484615,2
5,6,10,8,0.515385,0.484615,1
5,6,10,10,0.515385,0.484615,0
5,6,10,10,0.515385,0.484615,2
-10,4,8,10,0.38273,0.61727,1
5,6,10,10,0.515385,0.484615,1
5,8,2,2,0.578585,0.421415,0
5,8,2,2,0.578585,0.421415,2
5,8,2,2,0.578585,0.421415,1
5,8,2,4,0.578585,0.421415,0
5,8,2,4,0.578585,0.421415,2
5,8,2,4,0.578585,0.421415,1
5,8,2,6,0.578585,0.421415,0
5,8,2,6,0.578585,0.421415,2
5,8,2,6,0.578585,0.421415,1
-10,4,10,2,0.38273,0.61727,0
5,8,2,8,0.578585,0.421415,0
5,8,2,8,0.578585,0.421415,2
5,8,2,8,0.578585,0.421415,1
5,8,2,10,0.578585,0.421415,0
5,8,2,10,0.578585,0.421415,2
5,8,2,10,0.578585,0.421415,1
5,8,4,2,0.57973,0.42027,0
5,8,4,2,0.57973,0.42027,2
5,8,4,2,0.57973,0.42027,1
5,8,4,4,0.57973,0.42027,0
-10,4,10,2,0.38273,0.61727,2
5,8,4,4,0.57973,0.42027,2
5,8,4,4,0.57973,0.42027,1
5,8,4,6,0.57973,0.42027,0
5,8,4,6,0.57973,0.42027,2
5,8,4,6,0.57973,0.42027,1
5,8,4,8,0.57973,0.42027,0
5,8,4,8,0.57973,0.42027,2
5,8,4,8,0.57973,0.42027,1
5,8,4,10,0.57973,0.42027,0
5,8,4,10,0.57973,0.42027,2
-10,4,10,2,0.38273,0.61727,1
5,8,4,10,0.57973,0.42027,1
5,8,6,2,0.57767,0.42233,0
5,8,6,2,0.57767,0.42233,2
5,8,6,2,0.57767,0.42233,1
5,8,6,4,0.57767,0.42233,0
5,8,6,4,0.57767,0.42233,2
5,8,6,4,0.57767,0.42233,1
5,8,6,6,0.57767,0.42233,0
5,8,6,6,0.57767,0.42233,2
5,8,6,6,0.57767,0.42233,1
-10,4,10,4,0.38273,0.61727,0
5,8,6,8,0.57767,0.42233,0
5,8,6,8,0.57767,0.42233,2
5,8,6,8,0.57767,0.42233,1
5,8,6,10,0.57767,0.42233,0
5,8,6,10,0.57767,0.42233,2
5,8,6,10,0.57767,0.42233,1
5,8,8,2,0.54295,0.45705,0
5,8,8,2,0.54295,0.45705,2
5,8,8,2,0.54295,0.45705,1
5,8,8,4,0.54295,0.45705,0
-10,2,2,10,0.511425,0.488575,2
-10,4,10,4,0.38273,0.61727,2
5,8,8,4,0.54295,0.45705,2
5,8,8,4,0.54295,0.45705,1
5,8,8,6,0.54295,0.45705,0
5,8,8,6,0.54295,0.45705,2
5,8,8,6,0.54295,0.45705,1
5,8,8,8,0.54295,0.45705,0
5,8,8,8,0.54295,0.45705,2
5,8,8,8,0.54295,0.45705,1
5,8,8,10,0.54295,0.45705,0
5,8,8,10,0.54295,0.45705,2
-10,4,10,4,0.38273,0.61727,1
5,8,8,10,0.54295,0.45705,1
5,8,10,2,0.54295,0.45705,0
5,8,10,2,0.54295,0.45705,2
5,8,10,2,0.54295,0.45705,1
5,8,10,4,0.54295,0.45705,0
5,8,10,4,0.54295,0.45705,2
5,8,10,4,0.54295,0.45705,1
5,8,10,6,0.54295,0.45705,0
5,8,10,6,0.54295,0.45705,2
5,8,10,6,0.54295,0.45705,1
-10,4,10,6,0.38273,0.61727,0
5,8,10,8,0.54295,0.45705,0
5,8,10,8,0.54295,0.45705,2
5,8,10,8,0.54295,0.45705,1
5,8,10,10,0.54295,0.45705,0
5,8,10,10,0.54295,0.45705,2
5,8,10,10,0.54295,0.45705,1
5,10,2,2,0.583765,0.416235,0
5,10,2,2,0.583765,0.416235,2
5,10,2,2,0.583765,0.416235,1
5,10,2,4,0.583765,0.416235,0
-10,4,10,6,0.38273,0.61727,2
5,10,2,4,0.583765,0.416235,2
5,10,2,4,0.583765,0.416235,1
5,10,2,6,0.583765,0.416235,0
5,10,2,6,0.583765,0.416235,2
5,10,2,6,0.583765,0.416235,1
5,10,2,8,0.583765,0.416235,0
5,10,2,8,0.583765,0.416235,2
5,10,2,8,0.583765,0.416235,1
5,10,2,10,0.583765,0.416235,0
5,10,2,10,0.583765,0.416235,2
-10,4,10,6,0.38273,0.61727,1
5,10,2,10,0.583765,0.416235,1
5,10,4,2,0.57615,0.42385,0
5,10,4,2,0.57615,0.42385,2
5,10,4,2,0.57615,0.42385,1
5,10,4,4,0.57615,0.42385,0
5,10,4,4,0.57615,0.42385,2
5,10,4,4,0.57615,0.42385,1
5,10,4,6,0.57615,0.42385,0
5,10,4,6,0.57615,0.42385,2
5,10,4,6,0.57615,0.42385,1
-10,4,10,8,0.38273,0.61727,0
5,10,4,8,0.57615,0.42385,0
5,10,4,8,0.57615,0.42385,2
5,10,4,8,0.57615,0.42385,1
5,10,4,10,0.57615,0.42385,0
5,10,4,10,0.57615,0.42385,2
5,10,4,10,0.57615,0.42385,1
5,10,6,2,0.577825,0.422175,0
5,10,6,2,0.577825,0.422175,2
5,10,6,2,0.577825,0.422175,1
5,10,6,4,0.577825,0.422175,0
-10,4,10,8,0.38273,0.61727,2
5,10,6,4,0.577825,0.422175,2
5,10,6,4,0.577825,0.422175,1
5,10,6,6,0.577825,0.422175,0
5,10,6,6,0.577825,0.422175,2
5,10,6,6,0.577825,0.422175,1
5,10,6,8,0.577825,0.422175,0
5,10,6,8,0.577825,0.422175,2
5,10,6,8,0.577825,0.422175,1
5,10,6,10,0.577825,0.422175,0
5,10,6,10,0.577825,0.422175,2
-10,4,10,8,0.38273,0.61727,1
5,10,6,10,0.577825,0.422175,1
5,10,8,2,0.569295,0.430705,0
5,10,8,2,0.569295,0.430705,2
5,10,8,2,0.569295,0.430705,1
5,10,8,4,0.569295,0.430705,0
5,10,8,4,0.569295,0.430705,2
5,10,8,4,0.569295,0.430705,1
5,10,8,6,0.569295,0.430705,0
5,10,8,6,0.569295,0.430705,2
5,10,8,6,0.569295,0.430705,1
-10,4,10,10,0.38273,0.61727,0
5,10,8,8,0.569295,0.430705,0
5,10,8,8,0.569295,0.430705,2
5,10,8,8,0.569295,0.430705,1
5,10,8,10,0.569295,0.430705,0
5,10,8,10,0.569295,0.430705,2
5,10,8,10,0.569295,0.430705,1
5,10,10,2,0.506395,0.493605,0
5,10,10,2,0.506395,0.493605,2
5,10,10,2,0.506395,0.493605,1
5,10,10,4,0.506395,0.493605,0
-10,4,10,10,0.38273,0.61727,2
5,10,10,4,0.506395,0.493605,2
5,10,10,4,0.506395,0.493605,1
5,10,10,6,0.506395,0.493605,0
5,10,10,6,0.506395,0.493605,2
5,10,10,6,0.506395,0.493605,1
5,10,10,8,0.506395,0.493605,0
5,10,10,8,0.506395,0.493605,2
5,10,10,8,0.506395,0.493605,1
5,10,10,10,0.506395,0.493605,0
5,10,10,10,0.506395,0.493605,2
-10,2,2,10,0.511425,0.488575,1
-10,4,10,10,0.38273,0.61727,1
5,10,10,10,0.506395,0.493605,1
10,2,2,2,0.55574,0.44426,0
10,2,2,2,0.55574,0.44426,2
10,2,2,2,0.55574,0.44426,1
10,2,2,4,0.55574,0.44426,0
10,2,2,4,0.55574,0.44426,2
10,2,2,4,0.55574,0.44426,1
10,2,2,6,0.55574,0.44426,0
10,2,2,6,0.55574,0.44426,2
10,2,2,6,0.55574,0.44426,1
-10,6,2,2,0.370925,0.629075,0
10,2,2,8,0.55574,0.44426,0
10,2,2,8,0.55574,0.44426,2
10,2,2,8,0.55574,0.44426,1
10,2,2,10,0.55574,0.44426,0
10,2,2,10,0.55574,0.44426,2
10,2,2,10,0.55574,0.44426,1
10,2,4,2,0.55574,0.44426,0
10,2,4,2,0.55574,0.44426,2
10,2,4,2,0.55574,0.44426,1
10,2,4,4,0.55574,0.44426,0
-10,6,2,2,0.370925,0.629075,2
10,2,4,4,0.55574,0.44426,2
10,2,4,4,0.55574,0.44426,1
10,2,4,6,0.55574,0.44426,0
10,2,4,6,0.55574,0.44426,2
10,2,4,6,0.55574,0.44426,1
10,2,4,8,0.55574,0.44426,0
10,2,4,8,0.55574,0.44426,2
10,2,4,8,0.55574,0.44426,1
10,2,4,10,0.55574,0.44426,0
10,2,4,10,0.55574,0.44426,2
-10,6,2,2,0.370925,0.629075,1
10,2,4,10,0.55574,0.44426,1
10,2,6,2,0.55574,0.44426,0
10,2,6,2,0.55574,0.44426,2
10,2,6,2,0.55574,0.44426,1
10,2,6,4,0.55574,0.44426,0
10,2,6,4,0.55574,0.44426,2
10,2,6,4,0.55574,0.44426,1
10,2,6,6,0.55574,0.44426,0
10,2,6,6,0.55574,0.44426,2
10,2,6,6,0.55574,0.44426,1
-10,6,2,4,0.370925,0.629075,0
10,2,6,8,0.55574,0.44426,0
10,2,6,8,0.55574,0.44426,2
10,2,6,8,0.55574,0.44426,1
10,2,6,10,0.55574,0.44426,0
10,2,6,10,0.55574,0.44426,2
10,2,6,10,0.55574,0.44426,1
10,2,8,2,0.55574,0.44426,0
10,2,8,2,0.55574,0.44426,2
10,2,8,2,0.55574,0.44426,1
10,2,8,4,0.55574,0.44426,0
-10,6,2,4,0.370925,0.629075,2
10,2,8,4,0.55574,0.44426,2
10,2,8,4,0.55574,0.44426,1
10,2,8,6,0.55574,0.44426,0
10,2,8,6,0.55574,0.44426,2
10,2,8,6,0.55574,0.44426,1
10,2,8,8,0.55574,0.44426,0
10,2,8,8,0.55574,0.44426,2
10,2,8,8,0.55574,0.44426,1
10,2,8,10,0.55574,0.44426,0
10,2,8,10,0.55574,0.44426,2
-10,6,2,4,0.370925,0.629075,1
10,2,8,10,0.55574,0.44426,1
10,2,10,2,0.55574,0.44426,0
10,2,10,2,0.55574,0.44426,2
10,2,10,2,0.55574,0.44426,1
10,2,10,4,0.55574,0.44426,0
10,2,10,4,0.55574,0.44426,2
10,2,10,4,0.55574,0.44426,1
10,2,10,6,0.55574,0.44426,0
10,2,10,6,0.55574,0.44426,2
10,2,10,6,0.55574,0.44426,1
-10,6,2,6,0.370925,0.629075,0
10,2,10,8,0.55574,0.44426,0
10,2,10,8,0.55574,0.44426,2
10,2,10,8,0.55574,0.44426,1
10,2,10,10,0.55574,0.44426,0
10,2,10,10,0.55574,0.44426,2
10,2,10,10,0.55574,0.44426,1
10,4,2,2,0.585365,0.414635,0
10,4,2,2,0.585365,0.414635,2
10,4,2,2,0.585365,0.414635,1
10,4,2,4,0.585365,0.414635,0
-10,6,2,6,0.370925,0.629075,2
10,4,2,4,0.585365,0.414635,2
10,4,2,4,0.585365,0.414635,1
10,4,2,6,0.585365,0.414635,0
10,4,2,6,0.585365,0.414635,2
10,4,2,6,0.585365,0.414635,1
10,4,2,8,0.585365,0.414635,0
10,4,2,8,0.585365,0.414635,2
10,4,2,8,0.585365,0.414635,1
10,4,2,10,0.585365,0.414635,0
10,4,2,10,0.585365,0.414635,2
-10,6,2,6,0.370925,0.629075,1
10,4,2,10,0.585365,0.414635,1
10,4,4,2,0.575385,0.424615,0
10,4,4,2,0.575385,0.424615,2
10,4,4,2,0.575385,0.424615,1
10,4,4,4,0.575385,0.424615,0
10,4,4,4,0.575385,0.424615,2
10,4,4,4,0.575385,0.424615,1
10,4,4,6,0.575385,0.424615,0
10,4,4,6,0.575385,0.424615,2
10,4,4,6,0.575385,0.424615,1
-10,2,4,2,0.511425,0.488575,0
-10,6,2,8,0.370925,0.629075,0
10,4,4,8,0.575385,0.424615,0
10,4,4,8,0.575385,0.424615,2
10,4,4,8,0.575385,0.424615,1
10,4,4,10,0.575385,0.424615,0
10,4,4,10,0.575385,0.424615,2
10,4,4,10,0.575385,0.424615,1
10,4,6,2,0.575385,0.424615,0
10,4,6,2,0.575385,0.424615,2
10,4,6,2,0.575385,0.424615,1
10,4,6,4,0.575385,0.424615,0
-10,6,2,8,0.370925,0.629075,2
10,4,6,4,0.575385,0.424615,2
10,4,6,4,0.575385,0.424615,1
10,4,6,6,0.575385,0.424615,0
10,4,6,6,0.575385,0.424615,2
10,4,6,6,0.575385,0.424615,1
10,4,6,8,0.575385,0.424615,0
10,4,6,8,0.575385,0.424615,2
10,4,6,8,0.575385,0.424615,1
10,4,6,10,0.575385,0.424615,0
10,4,6,10,0.575385,0.424615,2
-10,6,2,8,0.370925,0.629075,1
10,4,6,10,0.575385,0.424615,1
10,4,8,2,0.575385,0.424615,0
10,4,8,2,0.575385,0.424615,2
10,4,8,2,0.575385,0.424615,1
10,4,8,4,0.575385,0.424615,0
10,4,8,4,0.575385,0.424615,2
10,4,8,4,0.575385,0.424615,1
10,4,8,6,0.575385,0.424615,0
10,4,8,6,0.575385,0.424615,2
10,4,8,6,0.575385,0.424615,1
-10,6,2,10,0.370925,0.629075,0
10,4,8,8,0.575385,0.424615,0
10,4,8,8,0.575385,0.424615,2
10,4,8,8,0.575385,0.424615,1
10,4,8,10,0.575385,0.424615,0
10,4,8,10,0.575385,0.424615,2
10,4,8,10,0.575385,0.424615,1
10,4,10,2,0.575385,0.424615,0
10,4,10,2,0.575385,0.424615,2
10,4,10,2,0.575385,0.424615,1
10,4,10,4,0.575385,0.424615,0
-10,6,2,10,0.370925,0.629075,2
10,4,10,4,0.575385,0.424615,2
10,4,10,4,0.575385,0.424615,1
10,4,10,6,0.575385,0.424615,0
10,4,10,6,0.575385,0.424615,2
10,4,10,6,0.575385,0.424615,1
10,4,10,8,0.575385,0.424615,0
10,4,10,8,0.575385,0.424615,2
10,4,10,8,0.575385,0.424615,1
10,4,10,10,0.575385,0.424615,0
10,4,10,10,0.575385,0.424615,2
-10,6,2,10,0.370925,0.629075,1
10,4,10,10,0.575385,0.424615,1
10,6,2,2,0.570135,0.429865,0
10,6,2,2,0.570135,0.429865,2
10,6,2,2,0.570135,0.429865,1
10,6,2,4,0.570135,0.429865,0
10,6,2,4,0.570135,0.429865,2
10,6,2,4,0.570135,0.429865,1
10,6,2,6,0.570135,0.429865,0
10,6,2,6,0.570135,0.429865,2
10,6,2,6,0.570135,0.429865,1
-10,6,4,2,0.357675,0.642325,0
10,6,2,8,0.570135,0.429865,0
10,6,2,8,0.570135,0.429865,2
10,6,2,8,0.570135,0.429865,1
10,6,2,10,0.570135,0.429865,0
10,6,2,10,0.570135,0.429865,2
10,6,2,10,0.570135,0.429865,1
10,6,4,2,0.57463,0.42537,0
10,6,4,2,0.57463,0.42537,2
10,6,4,2,0.57463,0.42537,1
10,6,4,4,0.57463,0.42537,0
-10,6,4,2,0.357675,0.642325,2
10,6,4,4,0.57463,0.42537,2
10,6,4,4,0.57463,0.42537,1
10,6,4,6,0.57463,0.42537,0
10,6,4,6,0.57463,0.42537,2
10,6,4,6,0.57463,0.42537,1
10,6,4,8,0.57463,0.42537,0
10,6,4,8,0.57463,0.42537,2
10,6,4,8,0.57463,0.42537,1
10,6,4,10,0.57463,0.42537,0
10,6,4,10,0.57463,0.42537,2
-10,6,4,2,0.357675,0.642325,1
10,6,4,10,0.57463,0.42537,1
10,6,6,2,0.542795,0.457205,0
10,6,6,2,0.542795,0.457205,2
10,6,6,2,0.542795,0.457205,1
10,6,6,4,0.542795,0.457205,0
10,6,6,4,0.542795,0.457205,2
10,6,6,4,0.542795,0.457205,1
10,6,6,6,0.542795,0.457205,0
10,6,6,6,0.542795,0.457205,2
10,6,6,6,0.542795,0.457205,1
-10,6,4,4,0.357675,0.642325,0
10,6,6,8,0.542795,0.457205,0
10,6,6,8,0.542795,0.457205,2
10,6,6,8,0.542795,0.457205,1
10,6,6,10,0.542795,0.457205,0
10,6,6,10,0.542795,0.457205,2
10,6,6,10,0.542795,0.457205,1
10,6,8,2,0.542795,0.457205,0
10,6,8,2,0.542795,0.457205,2
10,6,8,2,0.542795,0.457205,1
10,6,8,4,0.542795,0.457205,0
-10,2,4,2,0.511425,0.488575,2
-10,6,4,4,0.357675,0.642325,2
10,6,8,4,0.542795,0.457205,2
10,6,8,4,0.542795,0.457205,1
10,6,8,6,0.542795,0.457205,0
10,6,8,6,0.542795,0.457205,2
10,6,8,6,0.542795,0.457205,1
10,6,8,8,0.542795,0.457205,0
10,6,8,8,0.542795,0.457205,2
10,6,8,8,0.542795,0.457205,1
10,6,8,10,0.542795,0.457205,0
10,6,8,10,0.542795,0.457205,2
-10,6,4,4,0.357675,0.642325,1
10,6,8,10,0.542795,0.457205,1
10,6,10,2,0.542795,0.457205,0
10,6,10,2,0.542795,0.457205,2
10,6,10,2,0.542795,0.457205,1
10,6,10,4,0.542795,0.457205,0
10,6,10,4,0.542795,0.457205,2
10,6,10,4,0.542795,0.457205,1
10,6,10,6,0.542795,0.457205,0
10,6,10,6,0.542795,0.457205,2
10,6,10,6,0.542795,0.457205,1
-10,6,4,6,0.357675,0.642325,0
10,6,10,8,0.542795,0.457205,0
10,6,10,8,0.542795,0.457205,2
10,6,10,8,0.542795,0.457205,1
10,6,10,10,0.542795,0.457205,0
10,6,10,10,0.542795,0.457205,2
10,6,10,10,0.542795,0.457205,1
10,8,2,2,0.57828,0.42172,0
10,8,2,2,0.57828,0.42172,2
10,8,2,2,0.57828,0.42172,1
10,8,2,4,0.57828,0.42172,0
-10,6,4,6,0.357675,0.642325,2
10,8,2,4,0.57828,0.42172,2
10,8,2,4,0.57828,0.42172,1
10,8,2,6,0.57828,0.42172,0
10,8,2,6,0.57828,0.42172,2
10,8,2,6,0.57828,0.42172,1
10,8,2,8,0.57828,0.42172,0
10,8,2,8,0.57828,0.42172,2
10,8,2,8,0.57828,0.42172,1
10,8,2,10,0.57828,0.42172,0
10,8,2,10,0.57828,0.42172,2
-10,6,4,6,0.357675,0.642325,1
10,8,2,10,0.57828,0.42172,1
10,8,4,2,0.576835,0.423165,0
10,8,4,2,0.576835,0.423165,2
10,8,4,2,0.576835,0.423165,1
10,8,4,4,0.576835,0.423165,0
10,8,4,4,0.576835,0.423165,2
10,8,4,4,0.576835,0.423165,1
10,8,4,6,0.576835,0.423165,0
10,8,4,6,0.576835,0.423165,2
10,8,4,6,0.576835,0.423165,1
-10,6,4,8,0.357675,0.642325,0
10,8,4,8,0.576835,0.423165,0
10,8,4,8,0.576835,0.423165,2
10,8,4,8,0.576835,0.423165,1
10,8,4,10,0.576835,0.423165,0
10,8,4,10,0.576835,0.423165,2
10,8,4,10,0.576835,0.423165,1
10,8,6,2,0.574475,0.425525,0
10,8,6,2,0.574475,0.425525,2
10,8,6,2,0.574475,0.425525,1
10,8,6,4,0.574475,0.425525,0
-10,6,4,8,0.357675,0.642325,2
10,8,6,4,0.574475,0.425525,2
10,8,6,4,0.574475,0.425525,1
10,8,6,6,0.574475,0.425525,0
10,8,6,6,0.574475,0.425525,2
10,8,6,6,0.574475,0.425525,1
10,8,6,8,0.574475,0.425525,0
10,8,6,8,0.574475,0.425525,2
10,8,6,8,0.574475,0.425525,1
10,8,6,10,0.574475,0.425525,0
10,8,6,10,0.574475,0.425525,2
-10,6,4,8,0.357675,0.642325,1
10,8,6,10,0.574475,0.425525,1
10,8,8,2,0.55087,0.44913,0
10,8,8,2,0.55087,0.44913,2
10,8,8,2,0.55087,0.44913,1
10,8,8,4,0.55087,0.44913,0
10,8,8,4,0.55087,0.44913,2
10,8,8,4,0.55087,0.44913,1
10,8,8,6,0.55087,0.44913,0
10,8,8,6,0.55087,0.44913,2
10,8,8,6,0.55087,0.44913,1
-10,6,4,10,0.357675,0.642325,0
10,8,8,8,0.55087,0.44913,0
10,8,8,8,0.55087,0.44913,2
10,8,8,8,0.55087,0.44913,1
10,8,8,10,0.55087,0.44913,0
10,8,8,10,0.55087,0.44913,2
10,8,8,10,0.55087,0.44913,1
10,8,10,2,0.55087,0.44913,0
10,8,10,2,0.55087,0.44913,2
10,8,10,2,0.55087,0.44913,1
10,8,10,4,0.55087,0.44913,0
-10,6,4,10,0.357675,0.642325,2
10,8,10,4,0.55087,0.44913,2
10,8,10,4,0.55087,0.44913,1
10,8,10,6,0.55087,0.44913,0
10,8,10,6,0.55087,0.44913,2
10,8,10,6,0.55087,0.44913,1
10,8,10,8,0.55087,0.44913,0
10,8,10,8,0.55087,0.44913,2
10,8,10,8,0.55087,0.44913,1
10,8,10,10,0.55087,0.44913,0
10,8,10,10,0.55087,0.44913,2
-10,2,4,2,0.511425,0.488575,1
-10,6,4,10,0.357675,0.642325,1
10,8,10,10,0.55087,0.44913,1
10,10,2,2,0.57463,0.42537,0
10,10,2,2,0.57463,0.42537,2
10,10,2,2,0.57463,0.42537,1
10,10,2,4,0.57463,0.42537,0
10,10,2,4,0.57463,0.42537,2
10,10,2,4,0.57463,0.42537,1
10,10,2,6,0.57463,0.42537,0
10,10,2,6,0.57463,0.42537,2
10,10,2,6,0.57463,0.42537,1
-10,6,6,2,0.104555,0.895445,0
10,10,2,8,0.57463,0.42537,0
10,10,2,8,0.57463,0.42537,2
10,10,2,8,0.57463,0.42537,1
10,10,2,10,0.57463,0.42537,0
10,10,2,10,0.57463,0.42537,2
10,10,2,10,0.57463,0.42537,1
10,10,4,2,0.576075,0.423925,0
10,10,4,2,0.576075,0.423925,2
10,10,4,2,0.576075,0.423925,1
10,10,4,4,0.576075,0.423925,0
-10,6,6,2,0.104555,0.895445,2
10,10,4,4,0.576075,0.423925,2
10,10,4,4,0.576075,0.423925,1
10,10,4,6,0.576075,0.423925,0
10,10,4,6,0.576075,0.423925,2
10,10,4,6,0.576075,0.423925,1
10,10,4,8,0.576075,0.423925,0
10,10,4,8,0.576075,0.423925,2
10,10,4,8,0.576075,0.423925,1
10,10,4,10,0.576075,0.423925,0
10,10,4,10,0.576075,0.423925,2
-10,6,6,2,0.104555,0.895445,1
10,10,4,10,0.576075,0.423925,1
10,10,6,2,0.576075,0.423925,0
10,10,6,2,0.576075,0.423925,2
10,10,6,2,0.576075,0.423925,1
10,10,6,4,0.576075,0.423925,0
10,10,6,4,0.576075,0.423925,2
10,10,6,4,0.576075,0.423925,1
10,10,6,6,0.576075,0.423925,0
10,10,6,6,0.576075,0.423925,2
10,10,6,6,0.576075,0.423925,1
-10,6,6,4,0.104555,0.895445,0
10,10,6,8,0.576075,0.423925,0
10,10,6,8,0.576075,0.423925,2
10,10,6,8,0.576075,0.423925,1
10,10,6,10,0.576075,0.423925,0
10,10,6,10,0.576075,0.423925,2
10,10,6,10,0.576075,0.423925,1
10,10,8,2,0.577445,0.422555,0
10,10,8,2,0.577445,0.422555,2
10,10,8,2,0.577445,0.422555,1
10,10,8,4,0.577445,0.422555,0
-10,6,6,4,0.104555,0.895445,2
10,10,8,4,0.577445,0.422555,2
10,10,8,4,0.577445,0.422555,1
10,10,8,6,0.577445,0.422555,0
10,10,8,6,0.577445,0.422555,2
10,10,8,6,0.577445,0.422555,1
10,10,8,8,0.577445,0.422555,0
10,10,8,8,0.577445,0.422555,2
10,10,8,8,0.577445,0.422555,1
10,10,8,10,0.577445,0.422555,0
10,10,8,10,0.577445,0.422555,2
-10,6,6,4,0.104555,0.895445,1
10,10,8,10,0.577445,0.422555,1
10,10,10,2,0.51355,0.48645,0
10,10,10,2,0.51355,0.48645,2
10,10,10,2,0.51355,0.48645,1
10,10,10,4,0.51355,0.48645,0
10,10,10,4,0.51355,0.48645,2
10,10,10,4,0.51355,0.48645,1
10,10,10,6,0.51355,0.48645,0
10,10,10,6,0.51355,0.48645,2
10,10,10,6,0.51355,0.48645,1
-10,6,6,6,0.104555,0.895445,0
10,10,10,8,0.51355,0.48645,0
10,10,10,8,0.51355,0.48645,2
10,10,10,8,0.51355,0.48645,1
10,10,10,10,0.51355,0.48645,0
10,10,10,10,0.51355,0.48645,2
10,10,10,10,0.51355,0.48645,1
-10,6,6,6,0.104555,0.895445,2
-10,6,6,6,0.104555,0.895445,1
-10,2,4,4,0.511425,0.488575,0
-10,6,6,8,0.104555,0.895445,0
-10,6,6,8,0.104555,0.895445,2
-10,6,6,8,0.104555,0.895445,1
-10,6,6,10,0.104555,0.895445,0
-10,6,6,10,0.104555,0.895445,2
-10,6,6,10,0.104555,0.895445,1
-10,6,8,2,0.104555,0.895445,0
-10,6,8,2,0.104555,0.895445,2
-10,6,8,2,0.104555,0.895445,1
-10,6,8,4,0.104555,0.895445,0
-10,2,2,2,0.511425,0.488575,2
-10,2,4,4,0.511425,0.488575,2
-10,6,8,4,0.104555,0.895445,2
-10,6,8,4,0.104555,0.895445,1
-10,6,8,6,0.104555,0.895445,0
-10,6,8,6,0.104555,0.895445,2
-10,6,8,6,0.104555,0.895445,1
-10,6,8,8,0.104555,0.895445,0
-10,6,8,8,0.104555,0.895445,2
-10,6,8,8,0.104555,0.895445,1
-10,6,8,10,0.104555,0.895445,0
-10,6,8,10,0.104555,0.895445,2
-10,2,2,2,0.511425,0.488575,1
-10,2,4,4,0.511425,0.488575,1
-10,6,8,10,0.104555,0.895445,1
-10,6,10,2,0.104555,0.895445,0
-10,6,10,2,0.104555,0.895445,2
-10,6,10,2,0.104555,0.895445,1
-10,6,10,4,0.104555,0.895445,0
-10,6,10,4,0.104555,0.895445,2
-10,6,10,4,0.104555,0.895445,1
-10,6,10,6,0.104555,0.895445,0
-10,6,10,6,0.104555,0.895445,2
-10,6,10,6,0.104555,0.895445,1
-10,2,4,6,0.511425,0.488575,0
-10,6,10,8,0.104555,0.895445,0
-10,6,10,8,0.104555,0.895445,2
-10,6,10,8,0.104555,0.895445,1
-10,6,10,10,0.104555,0.895445,0
-10,6,10,10,0.104555,0.895445,2
-10,6,10,10,0.104555,0.895445,1
-10,8,2,2,0.45096,0.54904,0
-10,8,2,2,0.45096,0.54904,2
-10,8,2,2,0.45096,0.54904,1
-10,8,2,4,0.45096,0.54904,0
-10,2,4,6,0.511425,0.488575,2
-10,8,2,4,0.45096,0.54904,2
-10,8,2,4,0.45096,0.54904,1
-10,8,2,6,0.45096,0.54904,0
-10,8,2,6,0.45096,0.54904,2
-10,8,2,6,0.45096,0.54904,1
-10,8,2,8,0.45096,0.54904,0
-10,8,2,8,0.45096,0.54904,2
-10,8,2,8,0.45096,0.54904,1
-10,8,2,10,0.45096,0.54904,0
-10,8,2,10,0.45096,0.54904,2
-10,2,4,6,0.511425,0.488575,1
-10,8,2,10,0.45096,0.54904,1
-10,8,4,2,0.20317,0.79683,0
-10,8,4,2,0.20317,0.79683,2
-10,8,4,2,0.20317,0.79683,1
-10,8,4,4,0.20317,0.79683,0
-10,8,4,4,0.20317,0.79683,2
-10,8,4,4,0.20317,0.79683,1
-10,8,4,6,0.20317,0.79683,0
-10,8,4,6,0.20317,0.79683,2
-10,8,4,6,0.20317,0.79683,1
-10,2,4,8,0.511425,0.488575,0
-10,8,4,8,0.20317,0.79683,0
-10,8,4,8,0.20317,0.79683,2
-10,8,4,8,0.20317,0.79683,1
-10,8,4,10,0.20317,0.79683,0
-10,8,4,10,0.20317,0.79683,2
-10,8,4,10,0.20317,0.79683,1
-10,8,6,2,0,1,0
-10,8,6,2,0,1,2
-10,8,6,2,0,1,1
-10,8,6,4,0,1,0
-10,2,4,8,0.511425,0.488575,2
-10,8,6,4,0,1,2
-10,8,6,4,0,1,1
-10,8,6,6,0,1,0
-10,8,6,6,0,1,2
-10,8,6,6,0,1,1
-10,8,6,8,0,1,0
-10,8,6,8,0,1,2
-10,8,6,8,0,1,1
-10,8,6,10,0,1,0
-10,8,6,10,0,1,2
-10,2,4,8,0.511425,0.488575,1
-10,8,6,10,0,1,1
-10,8,8,2,0,1,0
-10,8,8,2,0,1,2
-10,8,8,2,0,1,1
-10,8,8,4,0,1,0
-10,8,8,4,0,1,2
-10,8,8,4,0,1,1
-10,8,8,6,0,1,0
-10,8,8,6,0,1,2
-10,8,8,6,0,1,1
-10,2,4,10,0.511425,0.488575,0
-10,8,8,8,0,1,0
-10,8,8,8,0,1,2
-10,8,8,8,0,1,1
-10,8,8,10,0,1,0
-10,8,8,10,0,1,2
-10,8,8,10,0,1,1
-10,8,10,2,0,1,0
-10,8,10,2,0,1,2
-10,8,10,2,0,1,1
-10,8,10,4,0,1,0
-10,2,4,10,0.511425,0.488575,2
-10,8,10,4,0,1,2
-10,8,10,4,0,1,1
-10,8,10,6,0,1,0
-10,8,10,6,0,1,2
-10,8,10,6,0,1,1
-10,8,10,8,0,1,0
-10,8,10,8,0,1,2
-10,8,10,8,0,1,1
-10,8,10,10,0,1,0
-10,8,10,10,0,1,2
-10,2,4,10,0.511425,0.488575,1
-10,8,10,10,0,1,1
-10,10,2,2,0.488045,0.511955,0
-10,10,2,2,0.488045,0.511955,2
-10,10,2,2,0.488045,0.511955,1
-10,10,2,4,0.488045,0.511955,0
-10,10,2,4,0.488045,0.511955,2
-10,10,2,4,0.488045,0.511955,1
-10,10,2,6,0.488045,0.511955,0
-10,10,2,6,0.488045,0.511955,2
-10,10,2,6,0.488045,0.511955,1
-10,2,6,2,0.511425,0.488575,0
-10,10,2,8,0.488045,0.511955,0
-10,10,2,8,0.488045,0.511955,2
-10,10,2,8,0.488045,0.511955,1
-10,10,2,10,0.488045,0.511955,0
-10,10,2,10,0.488045,0.511955,2
-10,10,2,10,0.488045,0.511955,1
-10,10,4,2,0.35836,0.64164,0
-10,10,4,2,0.35836,0.64164,2
-10,10,4,2,0.35836,0.64164,1
-10,10,4,4,0.35836,0.64164,0
-10,2,6,2,0.511425,0.488575,2
-10,10,4,4,0.35836,0.64164,2
-10,10,4,4,0.35836,0.64164,1
-10,10,4,6,0.35836,0.64164,0
-10,10,4,6,0.35836,0.64164,2
-10,10,4,6,0.35836,0.64164,1
-10,10,4,8,0.35836,0.64164,0
-10,10,4,8,0.35836,0.64164,2
-10,10,4,8,0.35836,0.64164,1
-10,10,4,10,0.35836,0.64164,0
-10,10,4,10,0.35836,0.64164,2
-10,2,6,2,0.511425,0.488575,1
-10,10,4,10,0.35836,0.64164,1
-10,10,6,2,0,1,0
-10,10,6,2,0,1,2
-10,10,6,2,0,1,1
-10,10,6,4,0,1,0
-10,10,6,4,0,1,2
-10,10,6,4,0,1,1
-10,10,6,6,0,1,0
-10,10,6,6,0,1,2
-10,10,6,6,0,1,1
-10,2,6,4,0.511425,0.488575,0
-10,10,6,8,0,1,0
-10,10,6,8,0,1,2
-10,10,6,8,0,1,1
-10,10,6,10,0,1,0
-10,10,6,10,0,1,2
-10,10,6,10,0,1,1
-10,10,8,2,0,1,0
-10,10,8,2,0,1,2
-10,10,8,2,0,1,1
-10,10,8,4,0,1,0
-10,2,6,4,0.511425,0.488575,2
-10,10,8,4,0,1,2
-10,10,8,4,0,1,1
-10,10,8,6,0,1,0
-10,10,8,6,0,1,2
-10,10,8,6,0,1,1
-10,10,8,8,0,1,0
-10,10,8,8,0,1,2
-10,10,8,8,0,1,1
-10,10,8,10,0,1,0
-10,10,8,10,0,1,2
-10,2,6,4,0.511425,0.488575,1
-10,10,8,10,0,1,1
-10,10,10,2,0,1,0
-10,10,10,2,0,1,2
-10,10,10,2,0,1,1
-10,10,10,4,0,1,0
-10,10,10,4,0,1,2
-10,10,10,4,0,1,1
-10,10,10,6,0,1,0
-10,10,10,6,0,1,2
-10,10,10,6,0,1,1
-10,2,6,6,0.511425,0.488575,0
-10,10,10,8,0,1,0
-10,10,10,8,0,1,2
-10,10,10,8,0,1,1
-10,10,10,10,0,1,0
-10,10,10,10,0,1,2
-10,10,10,10,0,1,1
-5,2,2,2,0.486905,0.513095,0
-5,2,2,2,0.486905,0.513095,2
-5,2,2,2,0.486905,0.513095,1
-5,2,2,4,0.486905,0.513095,0
-10,2,6,6,0.511425,0.488575,2
-5,2,2,4,0.486905,0.513095,2
-5,2,2,4,0.486905,0.513095,1
-5,2,2,6,0.486905,0.513095,0
-5,2,2,6,0.486905,0.513095,2
-5,2,2,6,0.486905,0.513095,1
-5,2,2,8,0.486905,0.513095,0
-5,2,2,8,0.486905,0.513095,2
-5,2,2,8,0.486905,0.513095,1
-5,2,2,10,0.486905,0.513095,0
-5,2,2,10,0.486905,0.513095,2
-10,2,6,6,0.511425,0.488575,1
-5,2,2,10,0.486905,0.513095,1
-5,2,4,2,0.486905,0.513095,0
-5,2,4,2,0.486905,0.513095,2
-5,2,4,2,0.486905,0.513095,1
-5,2,4,4,0.486905,0.513095,0
-5,2,4,4,0.486905,0.513095,2
-5,2,4,4,0.486905,0.513095,1
-5,2,4,6,0.486905,0.513095,0
-5,2,4,6,0.486905,0.513095,2
-5,2,4,6,0.486905,0.513095,1
-10,2,2,4,0.511425,0.488575,0
-10,2,6,8,0.511425,0.488575,0
-5,2,4,8,0.486905,0.513095,0
-5,2,4,8,0.486905,0.513095,2
-5,2,4,8,0.486905,0.513095,1
-5,2,4,10,0.486905,0.513095,0
-5,2,4,10,0.486905,0.513095,2
-5,2,4,10,0.486905,0.513095,1
-5,2,6,2,0.486905,0.513095,0
-5,2,6,2,0.486905,0.513095,2
-5,2,6,2,0.486905,0.513095,1
-5,2,6,4,0.486905,0.513095,0
-10,2,6,8,0.511425,0.488575,2
-5,2,6,4,0.486905,0.513095,2
-5,2,6,4,0.486905,0.513095,1
-5,2,6,6,0.486905,0.513095,0
-10,2,2,4,0.511425,0.488575,2
-5,2,6,6,0.486905,0.513095,2
-5,2,6,6,0.486905,0.513095,1
-5,2,6,8,0.486905,0.513095,0
-5,2,6,8,0.486905,0.513095,2
-5,2,6,8,0.486905,0.513095,1
-5,2,6,10,0.486905,0.513095,0
-5,2,6,10,0.486905,0.513095,2
-10,2,6,8,0.511425,0.488575,1
-5,2,6,10,0.486905,0.513095,1
-5,2,8,2,0.486905,0.513095,0
-5,2,8,2,0.486905,0.513095,2
-5,2,8,2,0.486905,0.513095,1
-5,2,8,4,0.486905,0.513095,0
-5,2,8,4,0.486905,0.513095,2
-5,2,8,4,0.486905,0.513095,1
-5,2,8,6,0.486905,0.513095,0
-5,2,8,6,0.486905,0.513095,2
-5,2,8,6,0.486905,0.513095,1
-10,2,6,10,0.511425,0.488575,0
-5,2,8,8,0.486905,0.513095,0
-5,2,8,8,0.486905,0.513095,2
-5,2,8,8,0.486905,0.513095,1
-5,2,8,10,0.486905,0.513095,0
-5,2,8,10,0.486905,0.513095,2
-5,2,8,10,0.486905,0.513095,1
-5,2,10,2,0.486905,0.513095,0
-5,2,10,2,0.486905,0.513095,2
-5,2,10,2,0.486905,0.513095,1
-5,2,10,4,0.486905,0.513095,0
-10,2,6,10,0.511425,0.488575,2
-5,2,10,4,0.486905,0.513095,2
-5,2,10,4,0.486905,0.513095,1
-5,2,10,6,0.486905,0.513095,0
-5,2,10,6,0.486905,0.513095,2
-5,2,10,6,0.486905,0.513095,1
-5,2,10,8,0.486905,0.513095,0
-5,2,10,8,0.486905,0.513095,2
-5,2,10,8,0.486905,0.513095,1
-5,2,10,10,0.486905,0.513095,0
-5,2,10,10,0.486905,0.513095,2
-10,2,6,10,0.511425,0.488575,1
-5,2,10,10,0.486905,0.513095,1
-5,4,2,2,0.501065,0.498935,0
-5,4,2,2,0.501065,0.498935,2
-5,4,2,2,0.501065,0.498935,1
-5,4,2,4,0.501065,0.498935,0
-5,4,2,4,0.501065,0.498935,2
-5,4,2,4,0.501065,0.498935,1
-5,4,2,6,0.501065,0.498935,0
-5,4,2,6,0.501065,0.498935,2
-5,4,2,6,0.501065,0.498935,1
-10,2,8,2,0.511425,0.488575,0
-5,4,2,8,0.501065,0.498935,0
-5,4,2,8,0.501065,0.498935,2
-5,4,2,8,0.501065,0.498935,1
-5,4,2,10,0.501065,0.498935,0
-5,4,2,10,0.501065,0.498935,2
-5,4,2,10,0.501065,0.498935,1
-5,4,4,2,0.361715,0.638285,0
-5,4,4,2,0.361715,0.638285,2
-5,4,4,2,0.361715,0.638285,1
-5,4,4,4,0.361715,0.638285,0
-10,2,8,2,0.511425,0.488575,2
-5,4,4,4,0.361715,0.638285,2
-5,4,4,4,0.361715,0.638285,1
-5,4,4,6,0.361715,0.638285,0
-5,4,4,6,0.361715,0.638285,2
-5,4,4,6,0.361715,0.638285,1
-5,4,4,8,0.361715,0.638285,0
-5,4,4,8,0.361715,0.638285,2
-5,4,4,8,0.361715,0.638285,1
-5,4,4,10,0.361715,0.638285,0
-5,4,4,10,0.361715,0.638285,2
-10,2,8,2,0.511425,0.488575,1
-5,4,4,10,0.361715,0.638285,1
-5,4,6,2,0.361715,0.638285,0
-5,4,6,2,0.361715,0.638285,2
-5,4,6,2,0.361715,0.638285,1
-5,4,6,4,0.361715,0.638285,0
-5,4,6,4,0.361715,0.638285,2
-5,4,6,4,0.361715,0.638285,1
-5,4,6,6,0.361715,0.638285,0
-5,4,6,6,0.361715,0.638285,2
-5,4,6,6,0.361715,0.638285,1
-10,2,8,4,0.511425,0.488575,0
-5,4,6,8,0.361715,0.638285,0
-5,4,6,8,0.361715,0.638285,2
-5,4,6,8,0.361715,0.638285,1
-5,4,6,10,0.361715,0.638285,0
-5,4,6,10,0.361715,0.638285,2
-5,4,6,10,0.361715,0.638285,1
-5,4,8,2,0.361715,0.638285,0
-5,4,8,2,0.361715,0.638285,2
-5,4,8,2,0.361715,0.638285,1
-5,4,8,4,0.361715,0.638285,0
-10,2,8,4,0.511425,0.488575,2
-5,4,8,4,0.361715,0.638285,2
-5,4,8,4,0.361715,0.638285,1
-5,4,8,6,0.361715,0.638285,0
-5,4,8,6,0.361715,0.638285,2
-5,4,8,6,0.361715,0.638285,1
-5,4,8,8,0.361715,0.638285,0
-5,4,8,8,0.361715,0.638285,2
-5,4,8,8,0.361715,0.638285,1
-5,4,8,10,0.361715,0.638285,0
-5,4,8,10,0.361715,0.638285,2
-10,2,8,4,0.511425,0.488575,1
-5,4,8,10,0.361715,0.638285,1
-5,4,10,2,0.361715,0.638285,0
-5,4,10,2,0.361715,0.638285,2
-5,4,10,2,0.361715,0.638285,1
-5,4,10,4,0.361715,0.638285,0
-5,4,10,4,0.361715,0.638285,2
-5,4,10,4,0.361715,0.638285,1
-5,4,10,6,0.361715,0.638285,0
-5,4,10,6,0.361715,0.638285,2
-5,4,10,6,0.361715,0.638285,1
-10,2,8,6,0.511425,0.488575,0
-5,4,10,8,0.361715,0.638285,0
-5,4,10,8,0.361715,0.638285,2
-5,4,10,8,0.361715,0.638285,1
-5,4,10,10,0.361715,0.638285,0
-5,4,10,10,0.361715,0.638285,2
-5,4,10,10,0.361715,0.638285,1
-5,6,2,2,0.48439,0.51561,0
-5,6,2,2,0.48439,0.51561,2
-5,6,2,2,0.48439,0.51561,1
-5,6,2,4,0.48439,0.51561,0
-10,2,8,6,0.511425,0.488575,2
-5,6,2,4,0.48439,0.51561,2
-5,6,2,4,0.48439,0.51561,1
-5,6,2,6,0.48439,0.51561,0
-5,6,2,6,0.48439,0.51561,2
-5,6,2,6,0.48439,0.51561,1
-5,6,2,8,0.48439,0.51561,0
-5,6,2,8,0.48439,0.51561,2
-5,6,2,8,0.48439,0.51561,1
-5,6,2,10,0.48439,0.51561,0
-5,6,2,10,0.48439,0.51561,2
-10,2,8,6,0.511425,0.488575,1
-5,6,2,10,0.48439,0.51561,1
-5,6,4,2,0.154355,0.845645,0
-5,6,4,2,0.154355,0.845645,2
-5,6,4,2,0.154355,0.845645,1
-5,6,4,4,0.154355,0.845645,0
-5,6,4,4,0.154355,0.845645,2
-5,6,4,4,0.154355,0.845645,1
-5,6,4,6,0.154355,0.845645,0
-5,6,4,6,0.154355,0.845645,2
-5,6,4,6,0.154355,0.845645,1
-10,2,8,8,0.511425,0.488575,0
-5,6,4,8,0.154355,0.845645,0
-5,6,4,8,0.154355,0.845645,2
-5,6,4,8,0.154355,0.845645,1
-5,6,4,10,0.154355,0.845645,0
-5,6,4,10,0.154355,0.845645,2
-5,6,4,10,0.154355,0.845645,1
-5,6,6,2,0.00708,0.99292,0
-5,6,6,2,0.00708,0.99292,2
-5,6,6,2,0.00708,0.99292,1
-5,6,6,4,0.00708,0.99292,0
-10,2,8,8,0.511425,0.488575,2
-5,6,6,4,0.00708,0.99292,2
-5,6,6,4,0.00708,0.99292,1
-5,6,6,6,0.00708,0.99292,0
-5,6,6,6,0.00708,0.99292,2
-5,6,6,6,0.00708,0.99292,1
-5,6,6,8,0.00708,0.99292,0
-5,6,6,8,0.00708,0.99292,2
-5,6,6,8,0.00708,0.99292,1
-5,6,6,10,0.00708,0.99292,0
-5,6,6,10,0.00708,0.99292,2
-10,2,8,8,0.511425,0.488575,1
-5,6,6,10,0.00708,0.99292,1
-5,6,8,2,0.00708,0.99292,0
-5,6,8,2,0.00708,0.99292,2
-5,6,8,2,0.00708,0.99292,1
-5,6,8,4,0.00708,0.99292,0
-5,6,8,4,0.00708,0.99292,2
-5,6,8,4,0.00708,0.99292,1
-5,6,8,6,0.00708,0.99292,0
-5,6,8,6,0.00708,0.99292,2
-5,6,8,6,0.00708,0.99292,1
-10,2,8,10,0.511425,0.488575,0
-5,6,8,8,0.00708,0.99292,0
-5,6,8,8,0.00708,0.99292,2
-5,6,8,8,0.00708,0.99292,1
-5,6,8,10,0.00708,0.99292,0
-5,6,8,10,0.00708,0.99292,2
-5,6,8,10,0.00708,0.99292,1
-5,6,10,2,0.00708,0.99292,0
-5,6,10,2,0.00708,0.99292,2
-5,6,10,2,0.00708,0.99292,1
-5,6,10,4,0.00708,0.99292,0
-10,2,8,10,0.511425,0.488575,2
-5,6,10,4,0.00708,0.99292,2
-5,6,10,4,0.00708,0.99292,1
-5,6,10,6,0.00708,0.99292,0
-5,6,10,6,0.00708,0.99292,2
-5,6,10,6,0.00708,0.99292,1
-5,6,10,8,0.00708,0.99292,0
-5,6,10,8,0.00708,0.99292,2
-5,6,10,8,0.00708,0.99292,1
-5,6,10,10,0.00708,0.99292,0
-5,6,10,10,0.00708,0.99292,2
-10,2,2,4,0.511425,0.488575,1
-10,2,8,10,0.511425,0.488575,1
-5,6,10,10,0.00708,0.99292,1
-5,8,2,2,0.55559,0.44441,0
-5,8,2,2,0.55559,0.44441,2
-5,8,2,2,0.55559,0.44441,1
-5,8,2,4,0.55559,0.44441,0
-5,8,2,4,0.55559,0.44441,2
-5,8,2,4,0.55559,0.44441,1
-5,8,2,6,0.55559,0.44441,0
-5,8,2,6,0.55559,0.44441,2
-5,8,2,6,0.55559,0.44441,1
-10,2,10,2,0.511425,0.488575,0
-5,8,2,8,0.55559,0.44441,0
-5,8,2,8,0.55559,0.44441,2
-5,8,2,8,0.55559,0.44441,1
-5,8,2,10,0.55559,0.44441,0
-5,8,2,10,0.55559,0.44441,2
-5,8,2,10,0.55559,0.44441,1
-5,8,4,2,0.403595,0.596405,0
-10,2,2,6,0.511425,0.488575,0
-5,8,4,2,0.403595,0.596405,2
-5,8,4,2,0.403595,0.596405,1
-5,8,4,4,0.403595,0.596405,0
-10,2,10,2,0.511425,0.488575,2
-5,8,4,4,0.403595,0.596405,2
-5,8,4,4,0.403595,0.596405,1
-5,8,4,6,0.403595,0.596405,0
-5,8,4,6,0.403595,0.596405,2
-5,8,4,6,0.403595,0.596405,1
-5,8,4,8,0.403595,0.596405,0
-5,8,4,8,0.403595,0.596405,2
-5,8,4,8,0.403595,0.596405,1
-5,8,4,10,0.403595,0.596405,0
-5,8,4,10,0.403595,0.596405,2
-10,2,10,2,0.511425,0.488575,1
-5,8,4,10,0.403595,0.596405,1
-5,8,6,2,0,1,0
-5,8,6,2,0,1,2
-5,8,6,2,0,1,1
-5,8,6,4,0,1,0
-5,8,6,4,0,1,2
-5,8,6,4,0,1,1
-5,8,6,6,0,1,0
-5,8,6,6,0,1,2
-5,8,6,6,0,1,1
-10,2,10,4,0.511425,0.488575,0
-5,8,6,8,0,1,0
-5,8,6,8,0,1,2
-5,8,6,8,0,1,1
-5,8,6,10,0,1,0
-5,8,6,10,0,1,2
-5,8,6,10,0,1,1
-5,8,8,2,0,1,0
-5,8,8,2,0,1,2
-5,8,8,2,0,1,1
-5,8,8,4,0,1,0
-10,2,10,4,0.511425,0.488575,2
-5,8,8,4,0,1,2
-5,8,8,4,0,1,1
-5,8,8,6,0,1,0
-5,8,8,6,0,1,2
-5,8,8,6,0,1,1
-5,8,8,8,0,1,0
-5,8,8,8,0,1,2
-5,8,8,8,0,1,1
-5,8,8,10,0,1,0
-5,8,8,10,0,1,2
-10,2,10,4,0.511425,0.488575,1
-5,8,8,10,0,1,1
-5,8,10,2,0,1,0
-5,8,10,2,0,1,2
-5,8,10,2,0,1,1
-5,8,10,4,0,1,0
-5,8,10,4,0,1,2
-5,8,10,4,0,1,1
-5,8,10,6,0,1,0
-5,8,10,6,0,1,2
-5,8,10,6,0,1,1
-10,2,10,6,0.511425,0.488575,0
-5,8,10,8,0,1,0
-5,8,10,8,0,1,2
-5,8,10,8,0,1,1
-5,8,10,10,0,1,0
-5,8,10,10,0,1,2
-5,8,10,10,0,1,1
-5,10,2,2,0.565715,0.434285,0
-5,10,2,2,0.565715,0.434285,2
-5,10,2,2,0.565715,0.434285,1
-5,10,2,4,0.565715,0.434285,0
-10,2,10,6,0.511425,0.488575,2
-5,10,2,4,0.565715,0.434285,2
-5,10,2,4,0.565715,0.434285,1
-5,10,2,6,0.565715,0.434285,0
-5,10,2,6,0.565715,0.434285,2
-5,10,2,6,0.565715,0.434285,1
-5,10,2,8,0.565715,0.434285,0
-5,10,2,8,0.565715,0.434285,2
-5,10,2,8,0.565715,0.434285,1
-5,10,2,10,0.565715,0.434285,0
-5,10,2,10,0.565715,0.434285,2
-10,2,10,6,0.511425,0.488575,1
-5,10,2,10,0.565715,0.434285,1
-5,10,4,2,0.573945,0.426055,0
-5,10,4,2,0.573945,0.426055,2
-5,10,4,2,0.573945,0.426055,1
-5,10,4,4,0.573945,0.426055,0
-5,10,4,4,0.573945,0.426055,2
-5,10,4,4,0.573945,0.426055,1
-5,10,4,6,0.573945,0.426055,0
-5,10,4,6,0.573945,0.426055,2
-5,10,4,6,0.573945,0.426055,1
-10,2,10,8,0.511425,0.488575,0
-5,10,4,8,0.573945,0.426055,0
-5,10,4,8,0.573945,0.426055,2
-5,10,4,8,0.573945,0.426055,1
-5,10,4,10,0.573945,0.426055,0
-5,10,4,10,0.573945,0.426055,2
-5,10,4,10,0.573945,0.426055,1
-5,10,6,2,0.088945,0.911055,0
-5,10,6,2,0.088945,0.911055,2
-5,10,6,2,0.088945,0.911055,1
-5,10,6,4,0.088945,0.911055,0
-10,2,10,8,0.511425,0.488575,2
-5,10,6,4,0.088945,0.911055,2
-5,10,6,4,0.088945,0.911055,1
-5,10,6,6,0.088945,0.911055,0
-5,10,6,6,0.088945,0.911055,2
-5,10,6,6,0.088945,0.911055,1
-5,10,6,8,0.088945,0.911055,0
-5,10,6,8,0.088945,0.911055,2
-5,10,6,8,0.088945,0.911055,1
-5,10,6,10,0.088945,0.911055,0
-5,10,6,10,0.088945,0.911055,2
-10,2,10,8,0.511425,0.488575,1
-5,10,6,10,0.088945,0.911055,1
-5,10,8,2,0,1,0
-5,10,8,2,0,1,2
-5,10,8,2,0,1,1
-5,10,8,4,0,1,0
-5,10,8,4,0,1,2
-5,10,8,4,0,1,1
-5,10,8,6,0,1,0
-5,10,8,6,0,1,2
-5,10,8,6,0,1,1
-10,2,10,10,0.511425,0.488575,0
-5,10,8,8,0,1,0
-5,10,8,8,0,1,2
-5,10,8,8,0,1,1
-5,10,8,10,0,1,0
-5,10,8,10,0,1,2
-5,10,8,10,0,1,1
-5,10,10,2,0,1,0
-5,10,10,2,0,1,2
-5,10,10,2,0,1,1
-5,10,10,4,0,1,0
-10,2,10,10,0.511425,0.488575,2
-5,10,10,4,0,1,2
-5,10,10,4,0,1,1
-5,10,10,6,0,1,0
-5,10,10,6,0,1,2
-5,10,10,6,0,1,1
-5,10,10,8,0,1,0
-5,10,10,8,0,1,2
-5,10,10,8,0,1,1
-5,10,10,10,0,1,0
-5,10,10,10,0,1,2
-10,2,10,10,0.511425,0.488575,1
-5,10,10,10,0,1,1
0,2,2,2,0.499845,0.500155,0
0,2,2,2,0.499845,0.500155,2
0,2,2,2,0.499845,0.500155,1
0,2,2,4,0.499845,0.500155,0
0,2,2,4,0.499845,0.500155,2
0,2,2,4,0.499845,0.500155,1
0,2,2,6,0.499845,0.500155,0
0,2,2,6,0.499845,0.500155,2
0,2,2,6,0.499845,0.500155,1
-10,4,2,2,0.439995,0.560005,0
0,2,2,8,0.499845,0.500155,0
0,2,2,8,0.499845,0.500155,2
0,2,2,8,0.499845,0.500155,1
0,2,2,10,0.499845,0.500155,0
0,2,2,10,0.499845,0.500155,2
0,2,2,10,0.499845,0.500155,1
0,2,4,2,0.499845,0.500155,0
0,2,4,2,0.499845,0.500155,2
0,2,4,2,0.499845,0.500155,1
0,2,4,4,0.499845,0.500155,0
-10,4,2,2,0.439995,0.560005,2
0,2,4,4,0.499845,0.500155,2
0,2,4,4,0.499845,0.500155,1
0,2,4,6,0.499845,0.500155,0
0,2,4,6,0.499845,0.500155,2
0,2,4,6,0.499845,0.500155,1
0,2,4,8,0.499845,0.500155,0
0,2,4,8,0.499845,0.500155,2
0,2,4,8,0.499845,0.500155,1
0,2,4,10,0.499845,0.500155,0
0,2,4,10,0.499845,0.500155,2
-10,4,2,2,0.439995,0.560005,1
0,2,4,10,0.499845,0.500155,1
0,2,6,2,0.499845,0.500155,0
0,2,6,2,0.499845,0.500155,2
0,2,6,2,0.499845,0.500155,1
0,2,6,4,0.499845,0.500155,0
0,2,6,4,0.499845,0.500155,2
0,2,6,4,0.499845,0.500155,1
0,2,6,6,0.499845,0.500155,0
0,2,6,6,0.499845,0.500155,2
0,2,6,6,0.499845,0.500155,1
-10,4,2,4,0.439995,0.560005,0
0,2,6,8,0.499845,0.500155,0
0,2,6,8,0.499845,0.500155,2
0,2,6,8,0.499845,0.500155,1
0,2,6,10,0.499845,0.500155,0
0,2,6,10,0.499845,0.500155,2
0,2,6,10,0.499845,0.500155,1
0,2,8,2,0.499845,0.500155,0
0,2,8,2,0.499845,0.500155,2
0,2,8,2,0.499845,0.500155,1
0,2,8,4,0.499845,0.500155,0
-10,2,2,6,0.511425,0.488575,2
-10,4,2,4,0.439995,0.560005,2
0,2,8,4,0.499845,0.500155,2
0,2,8,4,0.499845,0.500155,1
0,2,8,6,0.499845,0.500155,0
0,2,8,6,0.499845,0.500155,2
0,2,8,6,0.499845,0.500155,1
0,2,8,8,0.499845,0.500155,0
0,2,8,8,0.499845,0.500155,2
0,2,8,8,0.499845,0.500155,1
0,2,8,10,0.499845,0.500155,0
0,2,8,10,0.499845,0.500155,2
-10,4,2,4,0.439995,0.560005,1
0,2,8,10,0.499845,0.500155,1
0,2,10,2,0.499845,0.500155,0
0,2,10,2,0.499845,0.500155,2
0,2,10,2,0.499845,0.500155,1
0,2,10,4,0.499845,0.500155,0
0,2,10,4,0.499845,0.500155,2
0,2,10,4,0.499845,0.500155,1
0,2,10,6,0.499845,0.500155,0
0,2,10,6,0.499845,0.500155,2
0,2,10,6,0.499845,0.500155,1
-10,4,2,6,0.439995,0.560005,0
-10,2,2,6,0.511425,0.488575,1
0,2,10,8,0.499845,0.500155,0
0,2,10,8,0.499845,0.500155,2
0,2,10,8,0.499845,0.500155,1
0,2,10,10,0.499845,0.500155,0
0,2,10,10,0.499845,0.500155,2
0,2,10,10,0.499845,0.500155,1
0,4,2,2,0.55437,0.44563,0
0,4,2,2,0.55437,0.44563,2
0,4,2,2,0.55437,0.44563,1
0,4,2,4,0.55437,0.44563,0
-10,4,2,6,0.439995,0.560005,2
0,4,2,4,0.55437,0.44563,2
0,4,2,4,0.55437,0.44563,1
0,4,2,6,0.55437,0.44563,0
0,4,2,6,0.55437,0.44563,2
0,4,2,6,0.55437,0.44563,1
0,4,2,8,0.55437,0.44563,0
0,4,2,8,0.55437,0.44563,2
0,4,2,8,0.55437,0.44563,1
0,4,2,10,0.55437,0.44563,0
0,4,2,10,0.55437,0.44563,2
-10,4,2,6,0.439995,0.560005,1
0,4,2,10,0.55437,0.44563,1
0,4,4,2,0.25754,0.74246,0
0,4,4,2,0.25754,0.74246,2
0,4,4,2,0.25754,0.74246,1
0,4,4,4,0.25754,0.74246,0
0,4,4,4,0.25754,0.74246,2
0,4,4,4,0.25754,0.74246,1
0,4,4,6,0.25754,0.74246,0
0,4,4,6,0.25754,0.74246,2
0,4,4,6,0.25754,0.74246,1
-10,4,2,8,0.439995,0.560005,0
0,4,4,8,0.25754,0.74246,0
0,4,4,8,0.25754,0.74246,2
0,4,4,8,0.25754,0.74246,1
0,4,4,10,0.25754,0.74246,0
0,4,4,10,0.25754,0.74246,2
0,4,4,10,0.25754,0.74246,1
0,4,6,2,0.25754,0.74246,0
0,4,6,2,0.25754,0.74246,2
0,4,6,2,0.25754,0.74246,1
0,4,6,4,0.25754,0.74246,0
-10,4,2,8,0.439995,0.560005,2
0,4,6,4,0.25754,0.74246,2
0,4,6,4,0.25754,0.74246,1
0,4,6,6,0.25754,0.74246,0
0,4,6,6,0.25754,0.74246,2
0,4,6,6,0.25754,0.74246,1
0,4,6,8,0.25754,0.74246,0
0,4,6,8,0.25754,0.74246,2
0,4,6,8,0.25754,0.74246,1
0,4,6,10,0.25754,0.74246,0
0,4,6,10,0.25754,0.74246,2
-10,4,2,8,0.439995,0.560005,1
0,4,6,10,0.25754,0.74246,1
0,4,8,2,0.25754,0.74246,0
0,4,8,2,0.25754,0.74246,2
0,4,8,2,0.25754,0.74246,1
0,4,8,4,0.25754,0.74246,0
0,4,8,4,0.25754,0.74246,2
0,4,8,4,0.25754,0.74246,1
0,4,8,6,0.25754,0.74246,0
0,4,8,6,0.25754,0.74246,2
0,4,8,6,0.25754,0.74246,1
-10,4,2,10,0.439995,0.560005,0
0,4,8,8,0.25754,0.74246,0
0,4,8,8,0.25754,0.74246,2
0,4,8,8,0.25754,0.74246,1
0,4,8,10,0.25754,0.74246,0
0,4,8,10,0.25754,0.74246,2
0,4,8,10,0.25754,0.74246,1
0,4,10,2,0.25754,0.74246,0
0,4,10,2,0.25754,0.74246,2
0,4,10,2,0.25754,0.74246,1
0,4,10,4,0.25754,0.74246,0
-10,4,2,10,0.439995,0.560005,2
0,4,10,4,0.25754,0.74246,2
0,4,10,4,0.25754,0.74246,1
0,4,10,6,0.25754,0.74246,0
0,4,10,6,0.25754,0.74246,2
0,4,10,6,0.25754,0.74246,1
0,4,10,8,0.25754,0.74246,0
0,4,10,8,0.25754,0.74246,2
0,4,10,8,0.25754,0.74246,1
0,4,10,10,0.25754,0.74246,0
0,4,10,10,0.25754,0.74246,2
-10,4,2,10,0.439995,0.560005,1
0,4,10,10,0.25754,0.74246,1
0,6,2,2,0.57303,0.42697,0
0,6,2,2,0.57303,0.42697,2
0,6,2,2,0.57303,0.42697,1
0,6,2,4,0.57303,0.42697,0
0,6,2,4,0.57303,0.42697,2
0,6,2,4,0.57303,0.42697,1
0,6,2,6,0.57303,0.42697,0
0,6,2,6,0.57303,0.42697,2
0,6,2,6,0.57303,0.42697,1
-10,4,4,2,0.38273,0.61727,0
0,6,2,8,0.57303,0.42697,0
0,6,2,8,0.57303,0.42697,2
0,6,2,8,0.57303,0.42697,1
0,6,2,10,0.57303,0.42697,0
0,6,2,10,0.57303,0.42697,2
0,6,2,10,0.57303,0.42697,1
0,6,4,2,0.526885,0.473115,0
0,6,4,2,0.526885,0.473115,2
0,6,4,2,0.526885,0.473115,1
0,6,4,4,0.526885,0.473115,0
-10,4,4,2,0.38273,0.61727,2
0,6,4,4,0.526885,0.473115,2
0,6,4,4,0.526885,0.473115,1
0,6,4,6,0.526885,0.473115,0
0,6,4,6,0.526885,0.473115,2
0,6,4,6,0.526885,0.473115,1
0,6,4,8,0.526885,0.473115,0
0,6,4,8,0.526885,0.473115,2
0,6,4,8,0.526885,0.473115,1
0,6,4,10,0.526885,0.473115,0
0,6,4,10,0.526885,0.473115,2
-10,4,4,2,0.38273,0.61727,1
0,6,4,10,0.526885,0.473115,1
0,6,6,2,0.0431,0.9569,0
0,6,6,2,0.0431,0.9569,2
0,6,6,2,0.0431,0.9569,1
0,6,6,4,0.0431,0.9569,0
0,6,6,4,0.0431,0.9569,2
0,6,6,4,0.0431,0.9569,1
0,6,6,6,0.0431,0.9569,0
0,6,6,6,0.0431,0.9569,2
0,6,6,6,0.0431,0.9569,1
-10,4,4,4,0.38273,0.61727,0
0,6,6,8,0.0431,0.9569,0
0,6,6,8,0.0431,0.9569,2
0,6,6,8,0.0431,0.9569,1
0,6,6,10,0.0431,0.9569,0
0,6,6,10,0.0431,0.9569,2
0,6,6,10,0.0431,0.9569,1
0,6,8,2,0.0431,0.9569,0
0,6,8,2,0.0431,0.9569,2
0,6,8,2,0.0431,0.9569,1
0,6,8,4,0.0431,0.9569,0
-10,4,4,4,0.38273,0.61727,2
0,6,8,4,0.0431,0.9569,2
0,6,8,4,0.0431,0.9569,1
0,6,8,6,0.0431,0.9569,0
0,6,8,6,0.0431,0.9569,2
0,6,8,6,0.0431,0.9569,1
0,6,8,8,0.0431,0.9569,0
0,6,8,8,0.0431,0.9569,2
0,6,8,8,0.0431,0.9569,1
0,6,8,10,0.0431,0.9569,0
0,6,8,10,0.0431,0.9569,2
-10,4,4,4,0.38273,0.61727,1
0,6,8,10,0.0431,0.9569,1
0,6,10,2,0.0431,0.9569,0
0,6,10,2,0.0431,0.9569,2
0,6,10,2,0.0431,0.9569,1
0,6,10,4,0.0431,0.9569,0
0,6,10,4,0.0431,0.9569,2
0,6,10,4,0.0431,0.9569,1
0,6,10,6,0.0431,0.9569,0
0,6,10,6,0.0431,0.9569,2
0,6,10,6,0.0431,0.9569,1
-10,4,4,6,0.38273,0.61727,0
0,6,10,8,0.0431,0.9569,0
0,6,10,8,0.0431,0.9569,2
0,6,10,8,0.0431,0.9569,1
0,6,10,10,0.0431,0.9569,0
0,6,10,10,0.0431,0.9569,2
0,6,10,10,0.0431,0.9569,1
0,8,2,2,0.58049,0.41951,0
0,8,2,2,0.58049,0.41951,2
0,8,2,2,0.58049,0.41951,1
0,8,2,4,0.58049,0.41951,0
-10,4,4,6,0.38273,0.61727,2
0,8,2,4,0.58049,0.41951,2
0,8,2,4,0.58049,0.41951,1
0,8,2,6,0.58049,0.41951,0
0,8,2,6,0.58049,0.41951,2
0,8,2,6,0.58049,0.41951,1
0,8,2,8,0.58049,0.41951,0
0,8,2,8,0.58049,0.41951,2
0,8,2,8,0.58049,0.41951,1
0,8,2,10,0.58049,0.41951,0
0,8,2,10,0.58049,0.41951,2
-10,4,4,6,0.38273,0.61727,1
0,8,2,10,0.58049,0.41951,1
0,8,4,2,0.5795,0.4205,0
0,8,4,2,0.5795,0.4205,2
0,8,4,2,0.5795,0.4205,1
0,8,4,4,0.5795,0.4205,0
0,8,4,4,0.5795,0.4205,2
0,8,4,4,0.5795,0.4205,1
0,8,4,6,0.5795,0.4205,0
0,8,4,6,0.5795,0.4205,2
0,8,4,6,0.5795,0.4205,1
