1,2,cluster_label,class,shape
20.52401826450768,19.964310101413716,group_0,group_1,cluster
20.686203179863487,19.69394219264552,group_0,group_1,cluster
23.458286459889788,19.534562955351227,group_0,group_1,cluster
23.397556438308623,17.10658372068374,group_0,group_0,cluster
23.950854328491566,19.556237804601626,group_0,group_0,cluster
21.357535807033273,18.922934608065727,group_0,group_0,cluster
25.22532542054792,20.18787617435784,group_0,group_0,cluster
22.723640515113722,20.96710128893952,group_0,group_0,cluster
21.292393861943815,22.375192210959945,group_0,group_0,cluster
21.78664690207728,19.42369975103703,group_0,group_0,cluster
23.21313701328925,18.883212247852427,group_0,group_0,cluster
21.49463190157109,19.77554467714701,group_0,group_0,cluster
21.70502012454102,18.42873644475778,group_0,group_0,cluster
21.964393650461226,19.304910457875508,group_0,group_0,cluster
19.57150343208264,21.19955121286847,group_0,group_0,cluster
22.382039720341076,19.202144902709694,group_0,group_0,cluster
22.045934792732503,19.514866955788445,group_0,group_0,cluster
19.909431464412688,21.253726013635927,group_0,group_0,cluster
20.761674996597545,17.669712123018154,group_0,group_0,cluster
20.822859491157065,20.135142957037885,group_0,group_0,cluster
23.129608872662008,18.769636242367596,group_0,group_0,cluster
22.533858336240012,18.640416819314833,group_0,group_0,cluster
23.291585614910904,19.989405127991365,group_0,group_0,cluster
22.739294579606717,21.92601751381023,group_0,group_0,cluster
22.959251090359224,21.11627349284848,group_0,group_0,cluster
24.053924899330724,20.967787362925915,group_0,group_0,cluster
21.49534504066331,19.1387471319227,group_0,group_0,cluster
21.675768278065068,19.658305039561537,group_0,group_0,cluster
22.198061981415197,19.84533832034089,group_0,group_0,cluster
21.536990557734235,18.301802834091554,group_0,group_0,cluster
23.608676145665584,19.42731918006165,group_0,group_0,cluster
20.74031224138681,21.416721451157837,group_0,group_0,cluster
18.418152037714766,20.008149106381815,group_0,group_0,cluster
22.47269811524326,19.190221391702593,group_0,group_0,cluster
20.152563989801813,19.256802701309116,group_0,group_0,cluster
21.414856050183882,20.535712514646548,group_0,group_0,cluster
22.447436131532122,19.305338621822774,group_0,group_0,cluster
21.832302211411417,18.44777483475679,group_0,group_0,cluster
19.879473943123855,19.694287362796125,group_0,group_0,cluster
23.56361534680939,19.36141132911459,group_0,group_0,cluster
23.797412421881404,20.523685218357336,group_0,group_0,cluster
21.640688623811254,18.90125734838296,group_0,group_0,cluster
23.7795026482087,19.205688107250968,group_0,group_0,cluster
22.675149773547194,20.194023276700896,group_0,group_0,cluster
20.844023681522433,19.655680436927835,group_0,group_0,cluster
23.2375134088749,19.296420741113227,group_0,group_0,cluster
22.63058664172756,18.856334936826226,group_0,group_0,cluster
21.262559451580287,20.839396020149685,group_0,group_0,cluster
22.086937197579307,20.594767312921434,group_0,group_0,cluster
23.365213850080295,20.332009115492042,group_0,group_0,cluster
20.157490727644337,16.6478375249374,group_0,group_0,cluster
23.196877315599433,18.902382248313277,group_0,group_0,cluster
23.795952774848338,18.887263024171215,group_0,group_0,cluster
25.924293600182608,19.413014786819847,group_0,group_0,cluster
21.383530067293705,20.059087270549867,group_0,group_0,cluster
22.46340647108775,20.18602589757792,group_0,group_0,cluster
23.012345636591217,21.08112107507291,group_0,group_0,cluster
21.993188940125997,18.91000839551251,group_0,group_0,cluster
22.193537950720305,17.53968040590292,group_0,group_0,cluster
21.230673892049555,18.264507248124453,group_0,group_0,cluster
23.759747199980957,20.303117731691565,group_0,group_0,cluster
20.66832423824196,20.139441930771866,group_0,group_0,cluster
20.536966857318276,19.99710897218478,group_0,group_0,cluster
21.91632578503332,19.899109412032345,group_0,group_0,cluster
22.37112975392889,19.70399401169328,group_0,group_0,cluster
21.66633156357548,20.575889159360877,group_0,group_0,cluster
22.439471369071196,19.011542516398208,group_0,group_0,cluster
21.08018008961751,21.21394117743844,group_0,group_0,cluster
24.754757473549862,20.209252579824884,group_0,group_0,cluster
20.20157051062389,20.986778352903332,group_0,group_0,cluster
26.75374783476433,20.77093491123644,group_0,group_0,cluster
23.093055157802844,17.50154017619847,group_0,group_0,cluster
22.203884406301857,18.716681381892492,group_0,group_0,cluster
22.814980687108005,20.482684566877023,group_0,group_0,cluster
24.564688036020417,19.873306421681782,group_0,group_0,cluster
23.79161470661083,19.749979022598254,group_0,group_0,cluster
22.29646423784315,18.68323106161364,group_0,group_0,cluster
24.326280547990837,18.222859234322062,group_0,group_0,cluster
22.418648884763893,19.192601148793816,group_0,group_0,cluster
19.268399745643123,19.368973432063896,group_0,group_0,cluster
23.63551380578804,20.89336762628715,group_0,group_0,cluster
21.994108704845406,21.365846037071687,group_0,group_0,cluster
24.683378722187587,19.936449251692792,group_0,group_0,cluster
21.041067621729407,20.23472538626136,group_0,group_0,cluster
22.564536221300816,20.201324982902072,group_0,group_0,cluster
23.319413973499334,19.126043618935412,group_0,group_0,cluster
23.43257067452779,20.53948954377157,group_0,group_0,cluster
22.534829132971108,19.099893758051895,group_0,group_0,cluster
22.540967300901478,20.524746282508826,group_0,group_0,cluster
23.59064534072299,20.902342437789528,group_0,group_0,cluster
20.66127753345001,18.516458113386157,group_0,group_0,cluster
22.346953970608347,18.314845482051,group_0,group_0,cluster
23.133557613894208,21.167603094372,group_0,group_0,cluster
22.06152329312846,20.147833962495973,group_0,group_0,cluster
22.685584966377856,19.426823187468504,group_0,group_0,cluster
19.171962313669702,20.421979109771954,group_0,group_0,cluster
24.53018275921966,20.479153091983278,group_0,group_0,cluster
20.906740823270805,21.862768774250707,group_0,group_0,cluster
21.79221697358592,21.048846003619335,group_0,group_0,cluster
22.908709727140142,19.562312259779883,group_0,group_0,cluster
21.764869366696654,21.681605524675554,group_0,group_0,cluster
20.686220214936185,20.332974828685877,group_0,group_0,cluster
23.07854603494574,20.605749354182507,group_0,group_0,cluster
20.505179515386647,19.154216422145602,group_0,group_0,cluster
21.53978337455671,18.83017276902875,group_0,group_0,cluster
23.25167884270259,20.678864514332453,group_0,group_0,cluster
21.682627476654023,20.532770538576465,group_0,group_0,cluster
20.945448241578827,20.093931220022892,group_0,group_0,cluster
21.529307743709936,19.902238964910715,group_0,group_0,cluster
22.351227483033984,20.13255044768536,group_0,group_0,cluster
21.545484544005806,20.53374164023221,group_0,group_0,cluster
22.7889268037019,18.56730237600392,group_0,group_0,cluster
21.87721836273814,19.417352165084534,group_0,group_0,cluster
22.766089354716033,20.127109476306536,group_0,group_0,cluster
22.949882791430927,20.430354952905063,group_0,group_0,cluster
20.628736888531396,19.32694129511459,group_0,group_0,cluster
23.907916457367104,18.343779409767397,group_0,group_0,cluster
21.30191085075942,22.24498650672875,group_0,group_0,cluster
23.127330515373835,21.186279561495283,group_0,group_0,cluster
22.04501467495233,20.650388069504302,group_0,group_0,cluster
23.8416912457924,20.71005980860846,group_0,group_0,cluster
24.443587573675448,19.714727121755878,group_0,group_0,cluster
25.608992499197345,20.54030152421708,group_0,group_0,cluster
22.976829228007002,19.631744726949993,group_0,group_0,cluster
21.714492390516945,19.305473597355054,group_0,group_0,cluster
23.62564747785707,20.346867623731452,group_0,group_0,cluster
19.319952189415112,20.698847415679698,group_0,group_0,cluster
22.25409649029403,19.557093252730613,group_0,group_0,cluster
19.869688231068988,18.903115929902427,group_0,group_0,cluster
19.840209323597094,19.354025442266597,group_0,group_0,cluster
21.710760722876437,18.60960607397318,group_0,group_0,cluster
21.792308410430795,19.002165677177757,group_0,group_0,cluster
23.46163592155492,18.265926157267316,group_0,group_0,cluster
23.442970987529886,20.118042404447966,group_0,group_0,cluster
21.482463468555075,19.97119272402074,group_0,group_0,cluster
21.542838809347696,20.3286417774176,group_0,group_0,cluster
23.279672949370468,20.743166607202117,group_0,group_0,cluster
21.728688222495666,22.72415532473806,group_0,group_0,cluster
21.923062940722982,19.687096331595352,group_0,group_0,cluster
21.895111077389167,18.883125758326234,group_0,group_0,cluster
20.57335329268262,18.490179146474873,group_0,group_0,cluster
22.930238218299504,21.038336122187943,group_0,group_0,cluster
22.812684944366975,21.088323312658606,group_0,group_0,cluster
22.059398873545177,19.76240236266651,group_0,group_0,cluster
24.194907350224987,20.424019360515913,group_0,group_0,cluster
22.78154048912026,20.72478113953742,group_0,group_0,cluster
24.031644951706447,19.77868489563418,group_0,group_0,cluster
20.23110729633923,20.4518122881127,group_0,group_0,cluster
22.17181293684691,19.552920583958798,group_0,group_0,cluster
24.741183430491223,20.955563522351355,group_0,group_0,cluster
24.46914688671886,18.56621655725413,group_0,group_0,cluster
23.050699075921386,19.533970202059844,group_0,group_0,cluster
20.25136456326642,19.294285174160507,group_0,group_0,cluster
18.85681135309516,18.572974197249696,group_0,group_0,cluster
24.290196416650332,20.09255755664699,group_0,group_0,cluster
22.09917177885924,19.781686868386345,group_0,group_0,cluster
22.740550355763602,20.24333299532443,group_0,group_0,cluster
23.348555791903067,19.134685380246797,group_0,group_0,cluster
22.24899903563848,19.616287000973877,group_0,group_0,cluster
21.861843271543748,20.80792428980145,group_0,group_0,cluster
21.4222983932816,19.24784234504628,group_0,group_0,cluster
22.459294276609242,19.167758932226675,group_0,group_0,cluster
23.529652082225432,19.45739426735421,group_0,group_0,cluster
22.766211912474283,20.366664768853187,group_0,group_0,cluster
20.412682198928614,19.78871043909654,group_0,group_0,cluster
23.238928988655292,20.812093831032684,group_0,group_0,cluster
23.80055545784745,21.003234300762266,group_0,group_0,cluster
24.870630936515038,17.61010850940362,group_0,group_0,cluster
21.91379370570704,17.589166119100327,group_0,group_0,cluster
21.00700485957766,20.3747747266334,group_0,group_0,cluster
22.508267953599418,21.479246348999915,group_0,group_0,cluster
24.069502053092446,20.42173040560341,group_0,group_0,cluster
24.123055364907746,20.547013850845,group_0,group_0,cluster
23.6623360885839,18.022217978994398,group_0,group_0,cluster
20.281718758797496,21.099482518339983,group_0,group_0,cluster
20.879989022118874,19.139195644834736,group_0,group_0,cluster
21.77356915761331,19.30465581961497,group_0,group_0,cluster
23.117216197484474,20.91506466512744,group_0,group_0,cluster
22.005137354402404,19.311734370185206,group_0,group_0,cluster
21.53910665885064,19.96256477360513,group_0,group_0,cluster
21.469296426632713,19.891793452997202,group_0,group_0,cluster
20.451669661202512,19.377958877758317,group_0,group_0,cluster
24.957101970148088,20.600582796126478,group_0,group_0,cluster
24.70566868112203,20.467943786038106,group_0,group_0,cluster
23.855382076000794,19.28532904746045,group_0,group_0,cluster
19.15136267097402,19.532098889346404,group_0,group_0,cluster
24.127953096947923,19.278794095924358,group_0,group_0,cluster
23.46242168608611,18.837228919597212,group_0,group_0,cluster
24.378908303433956,19.373573957342,group_0,group_0,cluster
21.629486495625876,18.483276068348893,group_0,group_0,cluster
21.49970257101424,19.583156833011497,group_0,group_0,cluster
22.424739545637692,19.997516666737162,group_0,group_0,cluster
23.528218757021705,18.47845891022051,group_0,group_0,cluster
23.58104448248586,22.15355738926045,group_0,group_0,cluster
19.05831699337816,19.806338880030502,group_0,group_0,cluster
23.97850993187435,19.25792445025736,group_0,group_0,cluster
23.03725545095069,19.502887740345635,group_0,group_0,cluster
22.57261216288708,19.458744909643748,group_0,group_0,cluster
22.307280240892997,18.143880840491306,group_0,group_0,cluster
24.363680014047045,20.093776286705126,group_0,group_0,cluster
23.498293674432837,20.802918272851915,group_0,group_0,cluster
20.88993099561836,19.52406967255539,group_0,group_0,cluster
24.042138533297237,19.111972273765815,group_0,group_0,cluster
20.63909587370637,19.229673017016108,group_0,group_0,cluster
21.258650662166318,18.947650961637578,group_0,group_0,cluster
25.177358460679308,18.58577426633836,group_0,group_0,cluster
24.107727959433056,21.829048205535102,group_0,group_0,cluster
22.43382332690618,21.009458741702208,group_0,group_0,cluster
22.441185347269673,18.133039751148587,group_0,group_0,cluster
22.176131758706596,19.99107390458569,group_0,group_0,cluster
22.077099853146176,19.384287855559005,group_0,group_0,cluster
20.959157967958916,20.595204011266873,group_0,group_0,cluster
23.498792729453932,19.3739196290929,group_0,group_0,cluster
22.28883649480613,19.948472736214324,group_0,group_0,cluster
23.65898871275782,20.148798410573747,group_0,group_0,cluster
20.791561168819786,21.497830561144347,group_0,group_0,cluster
22.58440380319704,19.754331544736004,group_0,group_0,cluster
22.771944916051325,21.602782931707768,group_0,group_0,cluster
20.629919993381588,20.03051057960482,group_0,group_0,cluster
20.919568400086245,21.18316586812756,group_0,group_0,cluster
24.105264162622152,20.10679262097157,group_0,group_0,cluster
21.349544828911387,21.143000202238177,group_0,group_0,cluster
22.48497677885683,19.483117092274394,group_0,group_0,cluster
22.02759748187434,19.67182716467495,group_0,group_0,cluster
23.140721418167256,18.608794256835026,group_0,group_0,cluster
20.445851706082006,18.12804517944726,group_0,group_0,cluster
24.172979577915218,20.007945894419368,group_0,group_0,cluster
21.02955297992575,18.88261888863762,group_0,group_0,cluster
21.81634564686557,19.344875327186987,group_0,group_0,cluster
20.281750968960534,18.670960565371033,group_0,group_0,cluster
21.245269514603436,20.24866162081185,group_0,group_0,cluster
22.19047870137167,19.66584837800676,group_0,group_0,cluster
22.75207236353026,18.930411793301467,group_0,group_0,cluster
19.493707417336715,18.186462247639213,group_0,group_0,cluster
19.582587898343107,20.67448996113221,group_0,group_0,cluster
22.497786808987275,18.930277516659352,group_0,group_0,cluster
25.46296213667863,19.33517867270621,group_0,group_0,cluster
20.60189932927756,18.80755945335023,group_0,group_0,cluster
21.825202050170375,18.871511317385668,group_0,group_0,cluster
23.234645699521437,19.699417339580183,group_0,group_0,cluster
22.17897327154295,19.723973806185793,group_0,group_0,cluster
21.176493494583877,20.212693111160462,group_0,group_0,cluster
21.893175950389416,18.167232064733042,group_0,group_0,cluster
21.786510758073216,21.194707596961607,group_0,group_0,cluster
21.83711641832324,20.15811338327032,group_0,group_0,cluster
21.52836967616971,19.589718511918843,group_0,group_0,cluster
23.017008219349616,20.432899551938124,group_0,group_0,cluster
20.326033440108365,19.68502042606085,group_0,group_0,cluster
21.205528185816302,20.32510922911941,group_0,group_0,cluster
20.051465369706616,21.001829401453275,group_0,group_0,cluster
22.303254625263893,18.767733603022485,group_0,group_0,cluster
24.284258027067285,17.463984353263236,group_0,group_0,cluster
21.105862671682292,19.232344192252803,group_0,group_0,cluster
24.38152276636563,19.856717387773234,group_0,group_0,cluster
20.938571590061205,20.02387993663521,group_0,group_0,cluster
23.79525332200641,19.312631940739426,group_0,group_0,cluster
22.66750856975333,19.833056647727282,group_0,group_0,cluster
23.492449058700274,20.278829654915157,group_0,group_0,cluster
24.919229467989418,21.05947120135079,group_0,group_0,cluster
21.38331378482384,19.17556354936095,group_0,group_0,cluster
21.20736357043549,22.042213579253836,group_0,group_0,cluster
20.928935580112096,18.588264453136464,group_0,group_0,cluster
22.740619791328026,19.891477955544143,group_0,group_0,cluster
22.965357513374475,19.24125003527352,group_0,group_0,cluster
23.995193533272754,18.838926345409345,group_0,group_0,cluster
24.537237474685615,18.644745664645406,group_0,group_0,cluster
24.851320902294745,20.996923882165667,group_0,group_0,cluster
24.85906361771283,20.824469131913464,group_0,group_0,cluster
22.204477475135594,20.833829081554796,group_0,group_0,cluster
24.414809317759676,19.84578317902355,group_0,group_0,cluster
22.87653672235614,19.63805492651515,group_0,group_0,cluster
22.990200440609776,20.063904923358034,group_0,group_0,cluster
21.174445490998732,20.349486347906602,group_0,group_0,cluster
25.296462979938685,20.47788419968522,group_0,group_0,cluster
22.295016679675882,17.592989325472164,group_0,group_0,cluster
21.50529021312874,20.965491264517265,group_0,group_0,cluster
21.104522788033027,19.16956440104587,group_0,group_0,cluster
22.05203831480518,19.288028266586895,group_0,group_0,cluster
24.809768798580798,20.33341003064706,group_0,group_0,cluster
22.81845820600074,20.439410885693583,group_0,group_0,cluster
19.54507292569394,19.15527601888873,group_0,group_0,cluster
22.462818775535293,19.18417406724243,group_0,group_0,cluster
21.306282141453853,19.371708813337023,group_0,group_0,cluster
20.99595947715415,18.905148625692444,group_0,group_0,cluster
21.34877762133913,20.107937562247994,group_0,group_0,cluster
24.286843007720698,21.63747409315687,group_0,group_0,cluster
22.70242417353459,20.343108565136113,group_0,group_0,cluster
24.414147522980212,21.53217774394045,group_0,group_0,cluster
21.27481431123689,19.813763586746205,group_0,group_0,cluster
22.803948933025303,17.15246026190469,group_0,group_0,cluster
22.243389997009537,20.719752080402955,group_0,group_0,cluster
22.03249642880608,18.254821439069985,group_0,group_0,cluster
21.746716648110233,21.06357374502785,group_0,group_0,cluster
21.74645587118657,20.787991308247904,group_0,group_0,cluster
21.79155375884773,19.98378377697148,group_0,group_0,cluster
21.69251166579465,21.685527590847517,group_0,group_0,cluster
23.36372732110691,19.130707966052302,group_0,group_0,cluster
20.269790803639534,20.958908537764867,group_0,group_0,cluster
22.898252619160377,19.22113975565517,group_0,group_0,cluster
21.376700508355334,19.71264101159632,group_0,group_0,cluster
21.345637079059266,19.98332732038141,group_0,group_0,cluster
21.058981585093434,20.71945653597442,group_0,group_0,cluster
24.907100030243846,19.843993625438497,group_0,group_0,cluster
21.978355815611863,20.36198903522044,group_0,group_0,cluster
18.836711470321724,21.383821583161502,group_0,group_0,cluster
22.005698227317794,19.783667669163453,group_0,group_0,cluster
23.054894729345055,17.921032458117125,group_0,group_0,cluster
20.337254472156758,19.281975719493815,group_0,group_0,cluster
21.81780062013922,21.493927117285537,group_0,group_0,cluster
22.519541228275195,20.085825750659907,group_0,group_0,cluster
20.778389433638214,21.590501703825375,group_0,group_0,cluster
21.633119059071234,18.654862743175574,group_0,group_0,cluster
22.166236528994496,20.197289443216025,group_0,group_0,cluster
23.56279339961574,20.045521991611427,group_0,group_0,cluster
20.964201385282486,18.761560907959733,group_0,group_0,cluster
20.309998808372676,21.89651385979913,group_0,group_0,cluster
21.38770937216244,18.84441992526907,group_0,group_0,cluster
20.708957805745325,19.02115828669496,group_0,group_0,cluster
22.837335045721268,19.162655246306077,group_0,group_0,cluster
20.975642235126625,20.630000783187082,group_0,group_0,cluster
23.952997832552917,19.28000768395571,group_0,group_0,cluster
21.665660614819405,19.9493419695894,group_0,group_0,cluster
23.805324151987836,20.93981663939787,group_0,group_0,cluster
22.673777374224272,18.124979018014006,group_0,group_0,cluster
24.273498403264462,20.599451416104046,group_0,group_0,cluster
19.802601616291533,19.201002148498393,group_0,group_0,cluster
22.111828170827046,21.115158818925522,group_0,group_0,cluster
20.9960240028134,19.791653534423446,group_0,group_0,cluster
22.104585724242465,19.29433550767434,group_0,group_0,cluster
21.43987924684899,20.711082504305416,group_0,group_0,cluster
24.76242637644109,18.193861130142235,group_0,group_0,cluster
22.553929960878175,18.280790138437233,group_0,group_0,cluster
22.31767103161915,20.236058975637228,group_0,group_0,cluster
22.423829496008786,18.780254850327406,group_0,group_0,cluster
25.062879519519363,17.806621879148086,group_0,group_0,cluster
22.595376378879962,17.749524086014866,group_0,group_0,cluster
22.635133955993275,20.39447979000433,group_0,group_0,cluster
20.956266257714617,19.658577547897217,group_0,group_0,cluster
21.646967323649694,21.229844376806806,group_0,group_0,cluster
22.434832169222553,16.749077886114364,group_0,group_0,cluster
21.74478003459475,20.18929562715044,group_0,group_0,cluster
20.935682796446418,19.84611245838029,group_0,group_0,cluster
21.015684065219347,19.918676508518907,group_0,group_0,cluster
20.480838187425576,18.93878012749289,group_0,group_0,cluster
20.87591372604506,19.143694118241708,group_0,group_0,cluster
21.113036892924,18.547716921313278,group_0,group_0,cluster
21.373990130478926,19.699372498932338,group_0,group_0,cluster
21.207381247543346,21.13904225753116,group_0,group_0,cluster
26.16807018307042,19.292891830375705,group_0,group_0,cluster
21.170951713935104,20.57937136451796,group_0,group_0,cluster
21.233499878033474,18.676690377324128,group_0,group_0,cluster
19.326299922497338,18.781017402252118,group_0,group_0,cluster
24.438317499849656,18.29408765170775,group_0,group_0,cluster
26.560764739551487,17.571361320291803,group_0,group_0,cluster
20.662865379149668,17.740776734358764,group_0,group_0,cluster
21.052224915731546,19.824722874354045,group_0,group_0,cluster
21.75431352557783,17.957858959308698,group_0,group_0,cluster
24.95505876421381,19.967839393471408,group_0,group_0,cluster
22.503648808179985,20.596641154498318,group_0,group_0,cluster
22.106223665107247,20.73462851646687,group_0,group_0,cluster
22.514776679866205,18.92976584319935,group_0,group_0,cluster
24.73028386838792,19.45132328633303,group_0,group_0,cluster
22.01812157294225,20.1014535924072,group_0,group_0,cluster
22.726547443948952,20.81449532027431,group_0,group_0,cluster
23.152060653989114,19.632108384139226,group_0,group_0,cluster
22.49323258600192,18.886069070190654,group_0,group_0,cluster
21.711223646769138,20.480209998956536,group_0,group_0,cluster
24.420042739587554,19.83795715708484,group_0,group_0,cluster
22.95373391305504,21.502890785718158,group_0,group_0,cluster
18.24567215986169,18.262190751003775,group_0,group_0,cluster
21.685029547068776,19.956573109057146,group_0,group_0,cluster
20.79096127128391,18.592225195932688,group_0,group_0,cluster
24.90109062886928,19.108792802784272,group_0,group_0,cluster
23.368518981385314,18.496599502927896,group_0,group_0,cluster
20.918611541930698,19.34867503029834,group_0,group_0,cluster
24.463073167975814,17.996926351948012,group_0,group_0,cluster
24.200513276689982,18.70844447547284,group_0,group_0,cluster
21.747394311965227,18.94577352676577,group_0,group_0,cluster
24.644725678759137,17.657081497002928,group_0,group_0,cluster
22.329479413184465,18.381932919472614,group_0,group_0,cluster
22.05711730928789,18.04393376761877,group_0,group_0,cluster
20.429353862405552,20.809745399548042,group_0,group_0,cluster
23.37136390270923,19.77598736201965,group_0,group_0,cluster
19.243357914206015,18.81367186088751,group_0,group_0,cluster
23.419183686109932,21.598563055517328,group_0,group_0,cluster
22.103364434415457,20.6629114320608,group_0,group_0,cluster
19.54619785051336,18.67165556669128,group_0,group_0,cluster
20.41547429990319,19.04540177872349,group_0,group_0,cluster
21.971515957122357,20.639839964873552,group_0,group_0,cluster
24.004724254051915,19.17660983119539,group_0,group_0,cluster
21.069677711665545,18.64664370146532,group_0,group_0,cluster
22.772819102988162,21.356696087742595,group_0,group_0,cluster
24.028934074544793,20.456505694830543,group_0,group_0,cluster
22.551868311428624,18.41441497149271,group_0,group_0,cluster
23.007405949244557,21.44335125559229,group_0,group_0,cluster
24.133179303124276,20.72193825818818,group_0,group_0,cluster
21.02695215066085,19.882027274239615,group_0,group_0,cluster
22.36337525335331,18.284311758552636,group_0,group_0,cluster
24.42874070074866,19.089454631457485,group_0,group_0,cluster
23.56181627923621,18.293718945601224,group_0,group_0,cluster
22.642794878866557,21.533575541480932,group_0,group_0,cluster
22.359614504771542,20.669011765051682,group_0,group_0,cluster
23.827820286885604,20.28301643219633,group_0,group_0,cluster
22.624425090557974,19.951975665709423,group_0,group_0,cluster
19.095597118483926,20.716231128982635,group_0,group_0,cluster
20.500853955476067,21.15134075419091,group_0,group_0,cluster
21.120865539049724,17.899206052551484,group_0,group_0,cluster
22.239167514216742,19.263368990761485,group_0,group_0,cluster
20.268757411088906,20.39346738299645,group_0,group_0,cluster
20.10279082612671,19.63132698531991,group_0,group_0,cluster
22.19221665373427,19.865626227436586,group_0,group_0,cluster
23.124984394239206,18.66283405873328,group_0,group_0,cluster
21.62354876401241,19.37661630676004,group_0,group_0,cluster
20.561518816098733,21.12767934565179,group_0,group_0,cluster
20.38612369156479,20.210244867810598,group_0,group_0,cluster
23.600317778684097,19.91480024511173,group_0,group_0,cluster
22.052104267918033,19.873441252395175,group_0,group_0,cluster
23.15172368588208,19.135478961822418,group_0,group_0,cluster
23.265089580315298,20.86988968395622,group_0,group_0,cluster
22.006084424277343,20.979710157503256,group_0,group_0,cluster
22.954786120711024,18.948811543120954,group_0,group_0,cluster
22.396745628291647,20.944016186193046,group_0,group_0,cluster
24.479022185806834,17.636196222646653,group_0,group_0,cluster
24.7629172064371,19.668041080419087,group_0,group_0,cluster
23.17474790006327,21.388963831419005,group_0,group_0,cluster
23.018003212550493,20.298390475345162,group_0,group_0,cluster
23.036258516179654,19.711707740918882,group_0,group_0,cluster
22.904060979377725,19.75863043604817,group_0,group_0,cluster
22.34190798099444,17.71376702315007,group_0,group_0,cluster
21.291082389220094,20.88650272232405,group_0,group_0,cluster
21.322016517548743,21.472496832822095,group_0,group_0,cluster
22.999168330567727,18.522948430968704,group_0,group_0,cluster
22.04759543814411,21.793191235399345,group_0,group_0,cluster
22.4915459633079,18.6242015942047,group_0,group_0,cluster
21.4034509094107,18.578699373077395,group_0,group_0,cluster
23.12480410962402,20.934261404237702,group_0,group_0,cluster
22.76095473269129,19.576745793073137,group_0,group_0,cluster
22.909359664373937,20.6511496462773,group_0,group_0,cluster
24.737603929759693,18.58996156125504,group_0,group_0,cluster
21.62211525802199,21.113469329991236,group_0,group_0,cluster
21.93673371560478,18.8399859648399,group_0,group_0,cluster
23.037939043138753,18.963097325457866,group_0,group_0,cluster
21.813450980835686,18.315515002928745,group_0,group_0,cluster
25.07003787804002,18.79826272041792,group_0,group_0,cluster
18.803176413254093,20.17442895133043,group_0,group_0,cluster
23.897205520491227,19.020723690028774,group_0,group_0,cluster
23.846709421208697,18.382450150383033,group_0,group_0,cluster
23.94544394716613,21.199239526797363,group_0,group_0,cluster
18.840466861818253,20.138222295470534,group_0,group_0,cluster
22.366868602284494,18.96805570618213,group_0,group_0,cluster
20.53903696745235,17.916701665511926,group_0,group_0,cluster
24.439036965753484,20.45475798751965,group_0,group_0,cluster
22.525138982964762,19.430585397823023,group_0,group_0,cluster
19.59571237449907,20.31692627062191,group_0,group_0,cluster
19.570666521531425,19.574210424737057,group_0,group_0,cluster
18.5159235159924,18.821301262876823,group_0,group_0,cluster
26.003446680590336,20.123996898208603,group_0,group_0,cluster
26.40760362788326,18.953280630150577,group_0,group_0,cluster
24.122019196017245,19.4269613402653,group_0,group_0,cluster
19.6828489946837,19.766672519263206,group_0,group_0,cluster
21.90269362945887,20.75019771600662,group_0,group_0,cluster
21.609569516539796,18.762959640172728,group_0,group_0,cluster
24.08289692128515,21.396522230906918,group_0,group_0,cluster
22.327506892711195,21.061514634202588,group_0,group_0,cluster
23.08141870142582,22.14576751851396,group_0,group_0,cluster
19.789552760106837,19.93067981180196,group_0,group_0,cluster
22.25878447933102,18.2962950335474,group_0,group_0,cluster
20.380835874395387,20.34968591321596,group_0,group_0,cluster
23.359590383170058,19.90731804765612,group_0,group_0,cluster
21.920728431977256,19.159510329856932,group_0,group_0,cluster
20.640979341388775,19.385276944139928,group_0,group_0,cluster
24.798891713605794,20.64639453819624,group_0,group_0,cluster
22.421943180185405,20.069276036735648,group_0,group_0,cluster
23.55833140276905,20.170258125660215,group_0,group_0,cluster
21.474473115832303,19.97854389577351,group_0,group_0,cluster
22.702733665541885,20.68890553505303,group_0,group_0,cluster
21.211567503072192,20.70351760639847,group_0,group_0,cluster
23.065905448424775,19.65183729252872,group_0,group_0,cluster
25.382591132507585,19.55102666903595,group_0,group_0,cluster
25.38525571524466,21.147822895187275,group_0,group_0,cluster
20.192363739001188,18.89672213585379,group_0,group_0,cluster
24.647481402022603,19.04302001180208,group_0,group_0,cluster
21.32358162669467,19.093204481726442,group_0,group_0,cluster
22.69089239662708,18.55644407593619,group_0,group_0,cluster
21.760207168101218,20.226796144408315,group_0,group_0,cluster
21.438821330654598,18.849355604734622,group_0,group_0,cluster
19.752373145527923,19.767233002856162,group_0,group_0,cluster
25.2046926952469,19.30297384845785,group_0,group_0,cluster
23.4039451702598,21.609610955688037,group_0,group_0,cluster
22.211731830987993,23.270840305715435,group_0,group_0,cluster
22.808489509630096,17.61154827784025,group_0,group_0,cluster
24.878373541905468,19.56512968883315,group_0,group_0,cluster
20.681803584955507,19.620930936039844,group_0,group_0,cluster
21.932552059862356,16.86200464931557,group_0,group_0,cluster
23.028723620197844,19.955655610111705,group_0,group_0,cluster
21.493321178155753,19.830436626372354,group_0,group_0,cluster
21.97048921744901,19.367259733501886,group_0,group_0,cluster
23.825062381675387,19.111981398209796,group_0,group_0,cluster
23.031485225504323,22.32902850816326,group_0,group_0,cluster
19.178852895838833,19.33515825050292,group_0,group_0,cluster
4.504089245606135,20.17570668448256,group_1,group_0,lip_cluster
4.8538941384265994,20.32016207542528,group_1,group_1,lip_cluster
5.348785231575658,20.966458939783582,group_1,group_1,lip_cluster
4.097186808256983,20.672353575273856,group_1,group_1,lip_cluster
4.278438500651865,20.63751010984091,group_1,group_1,lip_cluster
2.2512552278410487,22.37297135567718,group_1,group_1,lip_cluster
1.9289717505862487,21.669661370542947,group_1,group_1,lip_cluster
5.320291044721505,21.922614693491383,group_1,group_1,lip_cluster
3.019902336403323,20.443957116398337,group_1,group_1,lip_cluster
3.9513088177535916,21.61291096182797,group_1,group_1,lip_cluster
2.8636584895337744,22.16361871879993,group_1,group_1,lip_cluster
2.9174586931138893,20.68206776245813,group_1,group_1,lip_cluster
3.8439781270425017,20.787899593918908,group_1,group_1,lip_cluster
3.143505379192038,20.197519713441142,group_1,group_1,lip_cluster
4.9920625836214345,22.313174335936978,group_1,group_1,lip_cluster
2.4021117968448333,21.27148387697135,group_1,group_1,lip_cluster
2.7653273358338595,22.738919958570033,group_1,group_1,lip_cluster
4.031350108684778,21.820973589135928,group_1,group_1,lip_cluster
3.891246303600693,20.890447915178044,group_1,group_1,lip_cluster
4.818355880182344,20.84549002249595,group_1,group_1,lip_cluster
4.185692146481114,21.617417760882418,group_1,group_1,lip_cluster
4.11319221736929,20.118092712595576,group_1,group_1,lip_cluster
3.1140976400958187,21.048507015359853,group_1,group_1,lip_cluster
4.333367321604331,20.062309991564188,group_1,group_1,lip_cluster
4.460911104341009,21.92428731096002,group_1,group_1,lip_cluster
4.326012511201658,20.57762056523136,group_1,group_1,lip_cluster
5.015638088466359,21.618740938660792,group_1,group_1,lip_cluster
3.9532070911826542,19.676924950386283,group_1,group_1,lip_cluster
2.714163371663161,22.784705142701494,group_1,group_1,lip_cluster
3.7360723453859364,21.305752922237406,group_1,group_1,lip_cluster
4.087477625509818,20.31819124850587,group_1,group_1,lip_cluster
4.297432566776176,21.49162597081897,group_1,group_1,lip_cluster
2.5322628394484044,21.49647413357847,group_1,group_1,lip_cluster
4.290697943198534,20.24198406283545,group_1,group_1,lip_cluster
2.524673367203812,20.704764139997184,group_1,group_1,lip_cluster
2.450140574774563,20.059656854507885,group_1,group_1,lip_cluster
3.8439964444221744,23.057803760657922,group_1,group_1,lip_cluster
4.767409416285984,22.562231383342205,group_1,group_1,lip_cluster
5.358775563858794,21.161960766986038,group_1,group_1,lip_cluster
2.8578977728363295,21.114271215233696,group_1,group_1,lip_cluster
3.7470356559827804,20.371838224196324,group_1,group_1,lip_cluster
2.8999590174258234,21.16341461444144,group_1,group_1,lip_cluster
3.495691754245379,23.07742750490742,group_1,group_1,lip_cluster
4.763351586330236,21.176785997992845,group_1,group_1,lip_cluster
3.401992597647232,21.60517686678308,group_1,group_1,lip_cluster
3.615948603172361,23.034918895317162,group_1,group_1,lip_cluster
3.4207984493174552,20.882670388526805,group_1,group_1,lip_cluster
4.57886343196625,20.226554254982375,group_1,group_1,lip_cluster
3.9212457640976335,22.211935929742513,group_1,group_1,lip_cluster
3.829358236995785,22.369794014885752,group_1,group_1,lip_cluster
4.546106172514709,22.46201519025786,group_1,group_1,lip_cluster
2.6536534475754623,20.66888881800628,group_1,group_1,lip_cluster
4.792613075300459,21.535579448478092,group_1,group_1,lip_cluster
3.9998657044922528,20.579255365431347,group_1,group_1,lip_cluster
4.620170429730097,22.015380145125786,group_1,group_1,lip_cluster
4.9673612279222805,20.477090013486038,group_1,group_1,lip_cluster
4.589934004488456,19.96159692224441,group_1,group_1,lip_cluster
3.326821103854711,21.70020846554419,group_1,group_1,lip_cluster
2.3302832541868717,19.949085019301435,group_1,group_1,lip_cluster
2.8770913426737623,20.122808703013284,group_1,group_1,lip_cluster
3.7293353081923506,22.158359268360748,group_1,group_1,lip_cluster
2.5187699510011914,20.428845513193075,group_1,group_1,lip_cluster
2.686511606148585,22.040007182126754,group_1,group_1,lip_cluster
3.948958728325883,21.3421018997675,group_1,group_1,lip_cluster
3.440397181861918,21.62838494280904,group_1,group_1,lip_cluster
3.928378943110768,19.552787177289343,group_1,group_1,lip_cluster
5.053816965661003,22.045512899200375,group_1,group_1,lip_cluster
1.9063122498859069,21.801987341352184,group_1,group_1,lip_cluster
2.811233738673763,20.01970670703701,group_1,group_1,lip_cluster
4.369811700540058,22.79129068500699,group_1,group_1,lip_cluster
2.7298438893388455,22.329411896874827,group_1,group_1,lip_cluster
4.995839351628948,20.471660262963212,group_1,group_1,lip_cluster
2.0308508622485455,20.8792829174869,group_1,group_1,lip_cluster
3.0519758031033084,21.408088943613834,group_1,group_1,lip_cluster
3.2246629253516317,20.890291652179194,group_1,group_1,lip_cluster
2.448523830413207,20.33008968108416,group_1,group_1,lip_cluster
3.8252953849984173,21.054396715605208,group_1,group_1,lip_cluster
4.854763270227619,20.192546883677277,group_1,group_1,lip_cluster
4.550882129609802,20.74507211469785,group_1,group_1,lip_cluster
4.497126665325302,22.849808615050524,group_1,group_1,lip_cluster
3.710894766159485,22.461527587095297,group_1,group_1,lip_cluster
2.096469662485827,21.057776251574467,group_1,group_1,lip_cluster
3.434158209571229,19.42844936970672,group_1,group_1,lip_cluster
5.075500722350853,21.402933699421002,group_1,group_1,lip_cluster
4.886996202713821,21.459204173059188,group_1,group_1,lip_cluster
4.697704756930283,22.63718084291217,group_1,group_1,lip_cluster
2.120072745665955,21.671967814499613,group_1,group_1,lip_cluster
4.548561714907688,21.07495767222097,group_1,group_1,lip_cluster
4.935262015378502,22.61852354955685,group_1,group_1,lip_cluster
2.3154967181144155,22.136236210482767,group_1,group_1,lip_cluster
4.315316779211753,20.040978831571262,group_1,group_1,lip_cluster
4.255365885917691,20.915986317708533,group_1,group_1,lip_cluster
3.88771172498219,22.08653325774175,group_1,group_1,lip_cluster
2.3635103168160585,22.26760669492852,group_1,group_1,lip_cluster
3.1760128292426884,19.827155778587777,group_1,group_1,lip_cluster
4.083542794651074,20.629973663948675,group_1,group_1,lip_cluster
4.583213434797447,20.11110069503142,group_1,group_1,lip_cluster
5.1303338221680965,20.8250989414265,group_1,group_1,lip_cluster
3.269733087618907,21.214121870394486,group_1,group_1,lip_cluster
5.370585759490172,21.844897302473075,group_1,group_1,lip_cluster
2.5530208235797236,20.055980061937717,group_1,group_1,lip_cluster
2.103668018431853,20.980847659232733,group_1,group_1,lip_cluster
3.68770106939709,21.56148515697215,group_1,group_1,lip_cluster
2.138826728797895,21.13646312608087,group_1,group_1,lip_cluster
3.056880166684172,20.229794850213935,group_1,group_1,lip_cluster
4.542921498967392,22.236008247073897,group_1,group_1,lip_cluster
2.9531100518317093,22.936384456846877,group_1,group_1,lip_cluster
3.485668598455193,20.421137907606514,group_1,group_1,lip_cluster
3.3266760164337494,20.317467354201725,group_1,group_1,lip_cluster
3.2828168958918997,22.375493085391515,group_1,group_1,lip_cluster
3.7129070571726586,21.8338264784696,group_1,group_1,lip_cluster
3.1710147918670644,23.02150712296813,group_1,group_1,lip_cluster
2.538391192550746,22.38405532805185,group_1,group_1,lip_cluster
4.487511245870404,20.084671634874418,group_1,group_1,lip_cluster
4.095874875091537,23.056509083913685,group_1,group_1,lip_cluster
3.1078774725641383,21.071931001094732,group_1,group_1,lip_cluster
2.0905246823616084,22.04855445678873,group_1,group_1,lip_cluster
4.275439391792887,22.416305020818108,group_1,group_1,lip_cluster
5.020285113031783,20.651281834969815,group_1,group_1,lip_cluster
3.8301392004353514,19.533235049367544,group_1,group_1,lip_cluster
3.774466107199335,20.181635889373247,group_1,group_1,lip_cluster
2.5521306263024837,22.8210780178846,group_1,group_1,lip_cluster
2.2325701101971105,21.96588591359451,group_1,group_1,lip_cluster
5.437828358414976,21.33010582050039,group_1,group_1,lip_cluster
4.448227734048642,22.826290621068484,group_1,group_1,lip_cluster
2.436472588839155,20.85881226412654,group_1,group_1,lip_cluster
4.214824942578456,21.634258440279282,group_1,group_1,lip_cluster
3.4085493724421614,22.796128353021885,group_1,group_1,lip_cluster
2.817264857988309,22.61728883848971,group_1,group_1,lip_cluster
3.9068958871629067,21.00477837789566,group_1,group_1,lip_cluster
3.266824491473565,22.23549408184504,group_1,group_1,lip_cluster
2.850418882112582,20.208024917488483,group_1,group_1,lip_cluster
4.832088533827058,20.350650486717043,group_1,group_1,lip_cluster
4.906954427177908,22.16636704892295,group_1,group_1,lip_cluster
2.9300658361237195,21.659511637279397,group_1,group_1,lip_cluster
2.2325715463387805,20.352553781389204,group_1,group_1,lip_cluster
4.2972359748168945,21.28647637080117,group_1,group_1,lip_cluster
2.358062275723738,20.746318905780036,group_1,group_1,lip_cluster
2.738315304978217,21.76868638683009,group_1,group_1,lip_cluster
4.0055309179261585,19.732457587148343,group_1,group_1,lip_cluster
2.8153900552758504,22.395881502403142,group_1,group_1,lip_cluster
3.9255160046578608,21.346925519717203,group_1,group_1,lip_cluster
5.037568991601964,22.54729194471988,group_1,group_1,lip_cluster
4.593369481464965,22.52032775535211,group_1,group_1,lip_cluster
3.612915604796216,22.233557704433196,group_1,group_1,lip_cluster
4.975266261512923,20.102490085331603,group_1,group_1,lip_cluster
2.10135481692432,20.583862082172708,group_1,group_1,lip_cluster
4.985797816417138,20.031585825550223,group_1,group_1,lip_cluster
1.9802321759966344,21.853798145862175,group_1,group_1,lip_cluster
3.5626657995554227,21.9461785391252,group_1,group_1,lip_cluster
1.9889805706444874,20.763615553167885,group_1,group_1,lip_cluster
3.609801074670452,20.120564868017475,group_1,group_1,lip_cluster
4.9603024662271595,22.633971061172748,group_1,group_1,lip_cluster
2.2921610570053845,22.30307551905622,group_1,group_1,lip_cluster
2.630886249832002,20.826259023377787,group_1,group_1,lip_cluster
3.014333116227703,21.15871931283381,group_1,group_1,lip_cluster
3.457655026554191,21.47598414157841,group_1,group_1,lip_cluster
4.905284065535941,20.149470034370257,group_1,group_1,lip_cluster
4.720583720864333,19.925829311414265,group_1,group_1,lip_cluster
2.982068083413277,21.354385130198313,group_1,group_1,lip_cluster
3.9170214134686625,22.181504859828568,group_1,group_1,lip_cluster
2.1669662852642833,22.169665181904236,group_1,group_1,lip_cluster
4.213655868100849,21.12259492782933,group_1,group_1,lip_cluster
2.816745737766861,21.643388616828144,group_1,group_1,lip_cluster
2.290751154506263,22.298383442042756,group_1,group_1,lip_cluster
2.1120841784403193,21.575976175737303,group_1,group_1,lip_cluster
3.596562325129831,23.27981648977726,group_1,group_1,lip_cluster
3.095108005404948,22.588421231132365,group_1,group_1,lip_cluster
2.274985853705376,22.555334402315186,group_1,group_1,lip_cluster
4.543820629871455,20.76845572431481,group_1,group_1,lip_cluster
2.6083070539512914,21.435928761048782,group_1,group_1,lip_cluster
4.5154361046470255,19.710558645771254,group_1,group_1,lip_cluster
3.8823969738836426,21.67570310357482,group_1,group_1,lip_cluster
5.132696220468888,22.302455642583485,group_1,group_1,lip_cluster
2.9252186818440333,20.746998699345994,group_1,group_1,lip_cluster
4.593302540229768,22.654984654911743,group_1,group_1,lip_cluster
3.3235329230597763,22.145416389494944,group_1,group_1,lip_cluster
3.711449829395592,22.5865038676018,group_1,group_1,lip_cluster
4.454806338808558,21.16535554112691,group_1,group_1,lip_cluster
3.3272114167634053,23.180622381205318,group_1,group_1,lip_cluster
4.9500483409076175,21.312579497246006,group_1,group_1,lip_cluster
3.671816695832163,20.585334378351185,group_1,group_1,lip_cluster
1.6703918517017269,21.356800438846914,group_1,group_1,lip_cluster
3.8294148239167987,22.395850349235463,group_1,group_1,lip_cluster
2.604453553896821,20.331507400693493,group_1,group_1,lip_cluster
5.0416561797172195,22.522558785652983,group_1,group_1,lip_cluster
3.5609552896224006,20.674239142272608,group_1,group_1,lip_cluster
5.050768175107687,20.889596689544028,group_1,group_1,lip_cluster
4.508032079708825,21.289280116823573,group_1,group_1,lip_cluster
4.4127948123499285,20.663185483892086,group_1,group_1,lip_cluster
3.4759549525261266,21.292164572332435,group_1,group_1,lip_cluster
4.264881039860033,20.497226187604234,group_1,group_1,lip_cluster
4.293222619574036,19.9369907547981,group_1,group_1,lip_cluster
4.030326149747825,22.892492633272447,group_1,group_1,lip_cluster
2.7928552354403515,19.720190929417797,group_1,group_1,lip_cluster
4.3262827739569065,19.777422738726344,group_1,group_1,lip_cluster
3.3514326357969066,20.989060794420144,group_1,group_1,lip_cluster
3.119880820663892,21.373393253066457,group_1,group_1,lip_cluster
4.0431026733957545,22.743907939832166,group_1,group_1,lip_cluster
4.459158580101741,19.922240337788164,group_1,group_1,lip_cluster
5.321152104581879,21.392166037704587,group_1,group_1,lip_cluster
2.454785114546737,22.42342732654042,group_1,group_1,lip_cluster
5.213079151902768,21.537149123122266,group_1,group_1,lip_cluster
3.139691650188545,22.40589919870518,group_1,group_1,lip_cluster
2.0385276785966235,21.071261250681868,group_1,group_1,lip_cluster
2.5386684927431764,22.288420802973384,group_1,group_1,lip_cluster
3.130512755213421,20.331895807408575,group_1,group_1,lip_cluster
3.609851047983083,21.644025451590704,group_1,group_1,lip_cluster
3.745681305189496,20.37746314701238,group_1,group_1,lip_cluster
2.9313603848868457,22.921161225180555,group_1,group_1,lip_cluster
4.084318568960616,22.798246441123723,group_1,group_1,lip_cluster
2.2829639917530002,20.404286637423212,group_1,group_1,lip_cluster
4.335527707063613,21.128604118121263,group_1,group_1,lip_cluster
2.5185079373438124,20.922624711809203,group_1,group_1,lip_cluster
3.0675985477552947,23.013874671496236,group_1,group_1,lip_cluster
4.988916693841734,20.913832596637036,group_1,group_1,lip_cluster
3.9277044193726285,22.163611003830045,group_1,group_1,lip_cluster
2.2926835086412916,21.159087048988297,group_1,group_1,lip_cluster
3.5554205878918554,19.44937617258676,group_1,group_1,lip_cluster
4.756490561946652,21.210497834851953,group_1,group_1,lip_cluster
2.5118160379595125,19.797076661859883,group_1,group_1,lip_cluster
4.042720419152085,23.132322013279317,group_1,group_1,lip_cluster
2.783334919832131,19.770010494751645,group_1,group_1,lip_cluster
3.6378880277601575,21.100714442828966,group_1,group_1,lip_cluster
4.494779671157778,21.353075472505555,group_1,group_1,lip_cluster
3.71450276383287,19.804605466255165,group_1,group_1,lip_cluster
2.348472061117265,19.88689018960138,group_1,group_1,lip_cluster
5.218983801080828,22.332177519119018,group_1,group_1,lip_cluster
2.7547400701422684,22.18659501474267,group_1,group_1,lip_cluster
4.349643772021462,21.447351806805393,group_1,group_1,lip_cluster
3.5905312556650544,21.542606034205015,group_1,group_1,lip_cluster
3.2590241353032754,22.106899202705343,group_1,group_1,lip_cluster
3.8216478504649594,20.07423402503951,group_1,group_1,lip_cluster
4.392944072282327,21.734029760116353,group_1,group_1,lip_cluster
2.6442309735156555,20.999100676469112,group_1,group_1,lip_cluster
4.629655265798135,20.10965615458495,group_1,group_1,lip_cluster
1.9786746786893015,20.874857004553125,group_1,group_1,lip_cluster
4.4652071388554715,22.838366614285338,group_1,group_1,lip_cluster
3.2146483992504744,22.864848104418265,group_1,group_1,lip_cluster
5.293908246926028,20.610391017829695,group_1,group_1,lip_cluster
3.122747309061249,21.001210138605032,group_1,group_1,lip_cluster
4.3375466314224544,21.641090413593567,group_1,group_1,lip_cluster
5.2448304354875965,21.076794287863923,group_1,group_1,lip_cluster
2.067696353868463,22.201460614240666,group_1,group_1,lip_cluster
3.447808244728867,22.455189264551954,group_1,group_1,lip_cluster
4.487190074056668,21.196565412000375,group_1,group_1,lip_cluster
4.8283555232717745,20.878199503710132,group_1,group_1,lip_cluster
3.371796903258236,21.220892868395328,group_1,group_1,lip_cluster
2.4898430560042697,21.002775943051038,group_1,group_1,lip_cluster
4.004137323772866,19.965584180154902,group_1,group_1,lip_cluster
3.0462921222440653,21.286030205583568,group_1,group_1,lip_cluster
4.247454427040362,22.909278939577277,group_1,group_1,lip_cluster
2.871194142576348,21.56733822877328,group_1,group_1,lip_cluster
1.88282423908439,21.049859916197132,group_1,group_1,lip_cluster
4.89030053117486,21.250151240493288,group_1,group_1,lip_cluster
4.061428504362711,20.88393766598836,group_1,group_1,lip_cluster
2.302838223593531,20.514973220804475,group_1,group_1,lip_cluster
3.3936812856461414,23.06786051782697,group_1,group_1,lip_cluster
3.6085399235856617,22.17321910627579,group_1,group_1,lip_cluster
4.778357590716501,21.060628514859086,group_1,group_1,lip_cluster
3.817587231685095,21.438948710722986,group_1,group_1,lip_cluster
4.397620935586236,20.21278198956749,group_1,group_1,lip_cluster
4.600958788261819,20.583778315438703,group_1,group_1,lip_cluster
3.270624873351731,22.77894526285328,group_1,group_1,lip_cluster
2.2194169704509097,21.636353151476126,group_1,group_1,lip_cluster
5.168005328606386,20.67391155861041,group_1,group_1,lip_cluster
4.192265164484968,21.85725195093387,group_1,group_1,lip_cluster
3.4995850841111182,23.264594850769797,group_1,group_1,lip_cluster
2.7026118240307095,20.352053061146165,group_1,group_1,lip_cluster
4.826887035136533,22.269249324502184,group_1,group_1,lip_cluster
3.9082281448069978,19.881715068252092,group_1,group_1,lip_cluster
4.766819140127866,20.994759288972904,group_1,group_1,lip_cluster
5.430703330889846,20.831926226220464,group_1,group_1,lip_cluster
3.2449882665084413,19.460850226880787,group_1,group_1,lip_cluster
5.266692121571312,21.69169994230115,group_1,group_1,lip_cluster
3.4810970359243765,22.470834493913785,group_1,group_1,lip_cluster
3.7615181031022997,19.994046746132355,group_1,group_1,lip_cluster
2.7386495531527615,21.017598377007424,group_1,group_1,lip_cluster
3.0305187246452583,22.369287269438185,group_1,group_1,lip_cluster
2.275104367397854,22.640163154893017,group_1,group_1,lip_cluster
3.3171317742839346,20.76768193847621,group_1,group_1,lip_cluster
3.580110331671417,22.550024648581235,group_1,group_1,lip_cluster
2.212506492961522,21.897214760521766,group_1,group_1,lip_cluster
4.973123533277232,22.24475378966643,group_1,group_1,lip_cluster
3.7259586781724714,21.469069790444152,group_1,group_1,lip_cluster
5.162039460712595,21.627170609259405,group_1,group_1,lip_cluster
4.477189026845367,21.501230615876317,group_1,group_1,lip_cluster
3.028153633211961,19.755286347506484,group_1,group_1,lip_cluster
3.94260764159204,22.936881181213955,group_1,group_1,lip_cluster
4.608850379307315,21.16446006646136,group_1,group_1,lip_cluster
3.4319003617044035,20.89329976484197,group_1,group_1,lip_cluster
2.3206276863805053,22.202042577605155,group_1,group_1,lip_cluster
2.8928526068850497,20.00846151569003,group_1,group_1,lip_cluster
5.039661750491598,21.59248023828107,group_1,group_1,lip_cluster
4.271737118897199,21.53685721797159,group_1,group_1,lip_cluster
2.9763684462974345,22.502954063942628,group_1,group_1,lip_cluster
4.3541587892485865,21.69128359217023,group_1,group_1,lip_cluster
3.5082437175681034,20.398924606935108,group_1,group_1,lip_cluster
4.113327055501306,19.655050159646205,group_1,group_1,lip_cluster
2.8520672822457542,19.621228214777165,group_1,group_1,lip_cluster
4.047896258494884,22.5752878852784,group_1,group_1,lip_cluster
4.885204594111194,22.416887493587684,group_1,group_1,lip_cluster
3.237483071211568,19.906714691114985,group_1,group_1,lip_cluster
3.9755911356880365,23.11755954737694,group_1,group_1,lip_cluster
2.716276915342038,19.84155021902374,group_1,group_1,lip_cluster
5.121266753475899,22.05814807459714,group_1,group_1,lip_cluster
3.6953607429693136,20.873483865067996,group_1,group_1,lip_cluster
4.707938272404384,20.12481191707398,group_1,group_1,lip_cluster
3.4051195136363486,22.427146044162,group_1,group_1,lip_cluster
2.8176365785356143,20.139776009934394,group_1,group_1,lip_cluster
3.5350546030331507,23.096365584319045,group_1,group_1,lip_cluster
4.571889427869974,21.08058692931551,group_1,group_1,lip_cluster
4.110813424569752,20.288328343697764,group_1,group_1,lip_cluster
4.942765996246168,21.33818761719271,group_1,group_1,lip_cluster
3.1252090690529837,22.418927723842913,group_1,group_1,lip_cluster
5.060287695356283,21.587440259342475,group_1,group_1,lip_cluster
3.085874518846756,21.845165343477394,group_1,group_1,lip_cluster
3.1718994610834628,20.692979374918313,group_1,group_1,lip_cluster
4.9531264124906365,20.818182277888635,group_1,group_1,lip_cluster
5.483442268686669,21.647708093715305,group_1,group_1,lip_cluster
3.609724168450804,20.669142120619643,group_1,group_1,lip_cluster
4.273147882469593,19.96628939346421,group_1,group_1,lip_cluster
3.9486818122245926,22.480479502428015,group_1,group_1,lip_cluster
4.606243435088758,21.405889368283262,group_1,group_1,lip_cluster
4.163641635129526,19.672036439681296,group_1,group_1,lip_cluster
4.345464135722087,20.346192304163782,group_1,group_1,lip_cluster
2.4778437834759295,22.24940185957977,group_1,group_1,lip_cluster
3.9644870755086163,21.725064488905897,group_1,group_1,lip_cluster
2.177045389455545,20.161254170942172,group_1,group_1,lip_cluster
4.3202648683218206,21.607676613530412,group_1,group_1,lip_cluster
2.517209558891073,21.72328266599645,group_1,group_1,lip_cluster
3.647274205187917,22.064796551296727,group_1,group_1,lip_cluster
3.0867899323234087,22.06567064026814,group_1,group_1,lip_cluster
2.193007502795396,20.858124782647966,group_1,group_1,lip_cluster
4.491074786873874,20.314837631023348,group_1,group_1,lip_cluster
4.077163203779124,21.37143159945708,group_1,group_1,lip_cluster
1.9352167368845385,21.269713331573282,group_1,group_1,lip_cluster
3.6806495628375835,21.345690050650774,group_1,group_1,lip_cluster
4.808386779679965,19.883276683360062,group_1,group_1,lip_cluster
3.176407744520534,21.113470383761012,group_1,group_1,lip_cluster
4.01201157810739,20.34065064279057,group_1,group_1,lip_cluster
3.776770286342153,19.40627955854054,group_1,group_1,lip_cluster
4.3142861415490446,22.40171675192694,group_1,group_1,lip_cluster
2.5972842819783533,20.015306157632764,group_1,group_1,lip_cluster
5.083981628629143,21.190226969980653,group_1,group_1,lip_cluster
2.4252638051940645,22.579593988230922,group_1,group_1,lip_cluster
4.959065111145334,20.356460856089623,group_1,group_1,lip_cluster
3.6103828307590105,21.440176069685645,group_1,group_1,lip_cluster
3.7859326135223443,21.547407074208273,group_1,group_1,lip_cluster
5.086016968638647,21.57315412920332,group_1,group_1,lip_cluster
4.19957236497582,20.603150102423914,group_1,group_1,lip_cluster
3.773277928434444,20.08816661027879,group_1,group_1,lip_cluster
4.466720888256409,20.86586296961688,group_1,group_1,lip_cluster
2.4751772009655664,20.801503631506765,group_1,group_1,lip_cluster
4.982948075767564,20.16058190354954,group_1,group_1,lip_cluster
2.71837891865108,20.840217907075917,group_1,group_1,lip_cluster
3.3442380521316126,20.921342321274217,group_1,group_1,lip_cluster
4.814804015319259,20.511987256974322,group_1,group_1,lip_cluster
2.0524009408002457,20.26644006485678,group_1,group_1,lip_cluster
2.7834457432181434,20.355203944221312,group_1,group_1,lip_cluster
3.526344797824941,21.967862911145403,group_1,group_1,lip_cluster
4.508077105500518,22.751834125037263,group_1,group_1,lip_cluster
3.359927242458557,20.30683691295583,group_1,group_1,lip_cluster
3.0907214924960305,21.442637910536646,group_1,group_1,lip_cluster
4.543373337763404,19.955239068188774,group_1,group_1,lip_cluster
4.237364127741252,20.372084044187236,group_1,group_1,lip_cluster
4.733936135868035,22.599046066655383,group_1,group_1,lip_cluster
3.7912623833913885,22.445793596706615,group_1,group_1,lip_cluster
4.529019875102278,22.470596310338504,group_1,group_1,lip_cluster
2.103429446625351,20.959796748516574,group_1,group_1,lip_cluster
1.911343466500636,21.35124958978049,group_1,group_1,lip_cluster
4.848507957177337,21.676227126106138,group_1,group_1,lip_cluster
4.898973287238167,21.526966772427517,group_1,group_1,lip_cluster
3.3466854359804286,21.211918010716584,group_1,group_1,lip_cluster
2.216962612104087,22.48026650728783,group_1,group_1,lip_cluster
3.0077886536754743,23.071571228848097,group_1,group_1,lip_cluster
3.755410906824399,22.258208053368396,group_1,group_1,lip_cluster
4.598901633906289,19.928474248911915,group_1,group_1,lip_cluster
1.9640302768978923,20.55777063117242,group_1,group_1,lip_cluster
3.296134929327888,20.176432065567475,group_1,group_1,lip_cluster
4.419450143867317,22.098309655244773,group_1,group_1,lip_cluster
3.523769687346169,20.59015854373736,group_1,group_1,lip_cluster
4.752388803990251,22.50934822139978,group_1,group_1,lip_cluster
5.192058027189818,21.14348172271286,group_1,group_1,lip_cluster
3.1765001851350867,22.925935854944772,group_1,group_1,lip_cluster
4.265652790897272,22.98363858816467,group_1,group_1,lip_cluster
2.9259275481798337,21.60942576748572,group_1,group_1,lip_cluster
3.5773100025127706,21.602389701874525,group_1,group_1,lip_cluster
2.210571677166689,20.521747100792805,group_1,group_1,lip_cluster
2.781813823397922,20.547354426426864,group_1,group_1,lip_cluster
5.281932491595663,20.533103921922596,group_1,group_1,lip_cluster
2.49491922137696,21.146462969238165,group_1,group_1,lip_cluster
2.856261425202381,20.434272227004097,group_1,group_1,lip_cluster
1.8626727493529,20.908154857854196,group_1,group_1,lip_cluster
1.8771223883301689,20.9230743845947,group_1,group_1,lip_cluster
2.754897214692742,20.688229213340065,group_1,group_1,lip_cluster
2.817571669729146,21.374635091103805,group_1,group_1,lip_cluster
4.1115583075326505,21.668734774495782,group_1,group_1,lip_cluster
5.063004016810588,20.684990669277813,group_1,group_1,lip_cluster
2.871100163753975,22.12641327853712,group_1,group_1,lip_cluster
3.6203323969987187,21.016255036886626,group_1,group_1,lip_cluster
2.2575386967583677,20.35643827559125,group_1,group_1,lip_cluster
3.9850290675028606,22.33363047475391,group_1,group_1,lip_cluster
2.563586024204139,21.001088343975546,group_1,group_1,lip_cluster
2.5535963818818646,20.51521995496479,group_1,group_1,lip_cluster
2.9428784807695054,21.148492219387286,group_1,group_1,lip_cluster
3.604934471787579,22.295655713683484,group_1,group_1,lip_cluster
5.4145399311908005,21.48985416570725,group_1,group_1,lip_cluster
4.741328370873705,21.030229561146605,group_1,group_1,lip_cluster
5.189494084447709,21.008168698935336,group_1,group_1,lip_cluster
2.1372165467104765,22.6186927810925,group_1,group_1,lip_cluster
2.5531025027803906,20.17322975370199,group_1,group_1,lip_cluster
4.729844553012946,21.138989099426396,group_1,group_1,lip_cluster
3.514973998347408,22.41986165041542,group_1,group_1,lip_cluster
2.6392333000999293,21.07360587752966,group_1,group_1,lip_cluster
4.461079721411256,20.1621248781188,group_1,group_1,lip_cluster
3.0077981320340514,21.18339229164534,group_1,group_1,lip_cluster
2.86345125171504,22.429307451104908,group_1,group_1,lip_cluster
5.0434653108623095,21.7140683995378,group_1,group_1,lip_cluster
4.774291103927127,22.177732429841292,group_1,group_1,lip_cluster
1.841403823675972,21.636133153993153,group_1,group_1,lip_cluster
4.38091958637918,21.900820226069772,group_1,group_1,lip_cluster
3.161421953854239,20.63183796370792,group_1,group_1,lip_cluster
4.502412316629661,20.309209798225375,group_1,group_1,lip_cluster
4.681556866995807,21.372469706627424,group_1,group_1,lip_cluster
2.6711782478980313,21.03283774419628,group_1,group_1,lip_cluster
2.4957938760014544,21.059890017770602,group_1,group_1,lip_cluster
3.911528742302331,19.696847728858366,group_1,group_1,lip_cluster
4.664007600779797,19.76275524186545,group_1,group_1,lip_cluster
3.781354914726022,20.67493104325211,group_1,group_1,lip_cluster
4.335429830710602,19.91515589124818,group_1,group_1,lip_cluster
5.084786924698832,21.527595673666326,group_1,group_1,lip_cluster
2.5507309009145027,22.65305934926902,group_1,group_1,lip_cluster
2.520940076940219,20.871381565519812,group_1,group_1,lip_cluster
3.290741401426203,23.078665012333314,group_1,group_1,lip_cluster
2.642045708988008,20.07706857823292,group_1,group_1,lip_cluster
3.6734953860055386,20.22819166741498,group_1,group_1,lip_cluster
5.217558647268344,22.101760726792833,group_1,group_1,lip_cluster
3.729816496086524,22.972000234039914,group_1,group_1,lip_cluster
4.204710390990362,21.99980486803571,group_1,group_1,lip_cluster
3.115354855920603,22.40020869185892,group_1,group_1,lip_cluster
3.703531535861466,19.870778289159613,group_1,group_1,lip_cluster
3.0007730088603215,21.238633529064803,group_1,group_1,lip_cluster
3.8280946738042845,21.804671292511998,group_1,group_1,lip_cluster
2.663690516294643,22.388386446135154,group_1,group_1,lip_cluster
2.65690428948995,21.784651490659105,group_1,group_1,lip_cluster
3.404779051646021,23.015233679730247,group_1,group_1,lip_cluster
3.158844755254801,20.215111587109973,group_1,group_1,lip_cluster
2.3900489916570775,19.87415564092849,group_1,group_1,lip_cluster
4.234247141503503,22.404200697497174,group_1,group_1,lip_cluster
3.4762837876224575,20.73158553970088,group_1,group_1,lip_cluster
1.8157208665115294,22.123925074924653,group_1,group_1,lip_cluster
3.791285218088367,23.056930773125835,group_1,group_1,lip_cluster
2.6865404799716104,20.737200574297493,group_1,group_1,lip_cluster
3.0141720454328613,22.960432616742988,group_1,group_1,lip_cluster
2.62498050416766,19.735000939804934,group_1,group_1,lip_cluster
4.3256457322195505,20.209338923104117,group_1,group_1,lip_cluster
3.185749026974368,22.792785766150416,group_1,group_1,lip_cluster
3.041287042303691,22.523294768283698,group_1,group_1,lip_cluster
3.5006921983676214,20.292557286093793,group_1,group_1,lip_cluster
4.42344587603885,19.84864807979826,group_1,group_1,lip_cluster
4.414404818470948,22.284947403255405,group_1,group_1,lip_cluster
2.8563034557983427,23.073731078504025,group_1,group_1,lip_cluster
3.8662494158718657,21.648432100720523,group_1,group_1,lip_cluster
3.2444407128511283,20.646133581893793,group_1,group_1,lip_cluster
3.6916928534685987,22.255645919967534,group_1,group_1,lip_cluster
3.694472829933566,20.026514610416697,group_1,group_1,lip_cluster
4.151688782705856,21.100836656531822,group_1,group_1,lip_cluster
5.3404719477091405,22.039715010036936,group_1,group_1,lip_cluster
3.080712480921582,19.73554113498194,group_1,group_1,lip_cluster
3.5280891472794167,19.917940565185013,group_1,group_1,lip_cluster
3.9724392143111125,20.048852621759277,group_1,group_1,lip_cluster
2.9754082233659815,20.24357682275593,group_1,group_1,lip_cluster
3.5704540349764944,22.361255543612025,group_1,group_1,lip_cluster
3.8487116784200963,21.346473275751194,group_1,group_1,lip_cluster
3.9594980410964355,23.045092874444205,group_1,group_1,lip_cluster
4.29704547680015,19.61214747793857,group_1,group_1,lip_cluster
4.748879044973863,20.929298861625803,group_1,group_1,lip_cluster
3.7059119830128697,22.99797717175821,group_1,group_1,lip_cluster
2.450857779669543,22.809649105522915,group_1,group_1,lip_cluster
2.6173481602277784,22.762221519432543,group_1,group_1,lip_cluster
3.314726855048068,21.08389828534982,group_1,group_1,lip_cluster
3.5381996549069448,20.58934718531221,group_1,group_1,lip_cluster
4.560839031258752,22.79233876536328,group_1,group_1,lip_cluster
3.1948931316344216,20.806149328751143,group_1,group_1,lip_cluster
2.06402609101589,21.948994570374527,group_1,group_1,lip_cluster
3.3287076149871546,20.066880015841747,group_1,group_1,lip_cluster
3.3929543545603105,19.949273019477452,group_1,group_1,lip_cluster
4.941981130721511,22.136854805803406,group_1,group_1,lip_cluster
3.783372594341681,21.577362826087136,group_1,group_1,lip_cluster
2.3594934001408374,21.391749903776365,group_1,group_1,lip_cluster
5.341940639480802,20.736240727449584,group_1,group_1,lip_cluster
3.2560461475766806,20.657261414983452,group_1,group_1,lip_cluster
2.503132945349153,22.261734680412836,group_1,group_1,lip_cluster
4.804455906495558,21.15448338723283,group_1,group_1,lip_cluster
2.8919210617838136,22.334311701264106,group_1,group_1,lip_cluster
4.063656647439687,21.353022363474302,group_1,group_1,lip_cluster
1.6988760844665107,21.034708292528897,group_1,group_1,lip_cluster
1.8710303863389552,20.626007727599013,group_1,group_1,lip_cluster
4.374091462105059,22.032843195507233,group_1,group_1,lip_cluster
